dictionaryType,n,loadFactor,nHashFunctions,seed,keyPercentage,avgSuccessProbes,avgFailProbes,buildTime,successMeanTime,failMeanTime,successMaxTime,successMinTime,failMaxTime,failMinTime,falsePositives,successTheoricalValue,failTheoricalValue
DH,10000000,0.900000,3,25175,0.500000,14.000000,14.000000,1325042.000000,0.000623,0.062799,66.000000,0.000000,99558.000000,0.000000,0,2.558428,9.999998
LP,10000000,0.900000,3,25175,0.500000,1.000000,1.000000,906541.000000,0.000535,0.098560,33.000000,0.000000,139.000000,0.000000,0,5.499999,50.499978
QP,10000000,0.900000,3,25175,0.500000,31.000000,31.000000,913972.000000,0.000595,0.016151,31.000000,0.000000,172.000000,0.000000,0,0.000000,0.000000
CK,10000000,0.900000,3,25175,0.500000,200.000000,200.000000,5505513.000000,0.000354,0.000492,20.000000,0.000000,134.000000,0.000000,-1543898,0.000000,0.000000
SPL,10000000,0.900000,3,25175,0.500000,1.267413,2.071159,1327362.000000,0.000868,0.001081,20.000000,0.000000,158.000000,0.000000,0,1.405000,1.450000
SPV,10000000,0.900000,3,25175,0.500000,1.267413,2.071159,1652786.000000,0.001017,0.000823,36.000000,0.000000,142.000000,0.000000,0,1.405000,1.450000
BF,10000000,0.900000,3,25175,0.500000,1.000000,1.000000,363147.000000,0.000284,0.000258,25.000000,0.000000,20.000000,0.000000,16248508,0.870106,0.870106
