dictionaryType,n,loadFactor,nHashFunctions,seed,keyPercentage,avgSuccessProbes,avgFailProbes,buildTime,successMeanTime,failMeanTime,successMaxTime,successMinTime,failMaxTime,failMinTime,falsePositives,successTheoricalValue,failTheoricalValue
DH,10000000,0.900000,3,11890,0.500000,14.000000,14.000000,1428263.000000,0.000428,0.063269,28.000000,0.000000,100698.000000,0.000000,-1,2.558428,9.999998
LP,10000000,0.900000,3,11890,0.500000,45.000000,45.000000,910532.000000,0.000456,0.095987,52.000000,0.000000,161.000000,0.000000,0,5.499999,50.499978
QP,10000000,0.900000,3,11890,0.500000,13.000000,13.000000,920432.000000,0.000485,0.016277,21.000000,0.000000,166.000000,0.000000,0,0.000000,0.000000
CK,10000000,0.900000,3,11890,0.500000,0.000000,0.000000,5516848.000000,0.000336,0.000391,26.000000,0.000000,28.000000,0.000000,-1544456,0.000000,0.000000
SPL,10000000,0.900000,3,11890,0.500000,1.268032,2.071777,1337142.000000,0.000693,0.000826,160.000000,0.000000,57.000000,0.000000,0,1.405000,1.450000
SPV,10000000,0.900000,3,11890,0.500000,1.268032,2.071777,1652290.000000,0.000805,0.000584,35.000000,0.000000,55.000000,0.000000,0,1.405000,1.450000
BF,10000000,0.900000,3,11890,0.500000,1.000000,1.000000,361356.000000,0.000200,0.000221,133.000000,0.000000,23.000000,0.000000,16237849,0.870106,0.870106
