dictionaryType,n,loadFactor,nHashFunctions,seed,keyPercentage,avgSuccessProbes,avgFailProbes,buildTime,successMeanTime,failMeanTime,successMaxTime,successMinTime,failMaxTime,failMinTime,falsePositives,successTheoricalValue,failTheoricalValue
DH,10000000,0.900000,3,23214,0.500000,13.000000,13.000000,1321685.000000,0.000499,0.062183,183.000000,0.000000,99358.000000,0.000000,0,2.558428,9.999998
LP,10000000,0.900000,3,23214,0.500000,3.000000,3.000000,907751.000000,0.000402,0.094020,30.000000,0.000000,144.000000,0.000000,0,5.499999,50.499978
QP,10000000,0.900000,3,23214,0.500000,5.000000,5.000000,918060.000000,0.000498,0.016573,33.000000,0.000000,140.000000,0.000000,0,0.000000,0.000000
CK,10000000,0.900000,3,23214,0.500000,0.000000,0.000000,5505392.000000,0.000375,0.000780,58.000000,0.000000,131.000000,0.000000,-1542344,0.000000,0.000000
SPL,10000000,0.900000,3,23214,0.500000,1.268432,2.071324,1328382.000000,0.000771,0.001004,28.000000,0.000000,135.000000,0.000000,0,1.405000,1.450000
SPV,10000000,0.900000,3,23214,0.500000,1.268432,2.071324,1644492.000000,0.000805,0.000618,33.000000,0.000000,38.000000,0.000000,0,1.405000,1.450000
BF,10000000,0.900000,3,23214,0.500000,1.000000,1.000000,361749.000000,0.000195,0.000199,31.000000,0.000000,21.000000,0.000000,16248898,0.870106,0.870106
