dictionaryType,n,loadFactor,nHashFunctions,seed,keyPercentage,avgSuccessProbes,avgFailProbes,buildTime,successMeanTime,failMeanTime,successMaxTime,successMinTime,failMaxTime,failMinTime,falsePositives,successTheoricalValue,failTheoricalValue
DH,10000000,0.900000,3,32668,0.500000,2.000000,2.000000,1323751.000000,0.000541,0.062040,33.000000,0.000000,99882.000000,0.000000,0,2.558428,9.999998
LP,10000000,0.900000,3,32668,0.500000,87.000000,87.000000,909836.000000,0.000406,0.097991,33.000000,0.000000,168.000000,0.000000,0,5.499999,50.499978
QP,10000000,0.900000,3,32668,0.500000,17.000000,17.000000,911671.000000,0.000288,0.016081,27.000000,0.000000,143.000000,0.000000,0,0.000000,0.000000
CK,10000000,0.900000,3,32668,0.500000,200.000000,200.000000,5506846.000000,0.000376,0.000383,19.000000,0.000000,65.000000,0.000000,-1544239,0.000000,0.000000
SPL,10000000,0.900000,3,32668,0.500000,1.267739,2.071505,1324594.000000,0.000667,0.000912,28.000000,0.000000,139.000000,0.000000,0,1.405000,1.450000
SPV,10000000,0.900000,3,32668,0.500000,1.267739,2.071505,1650560.000000,0.000819,0.000679,38.000000,0.000000,139.000000,0.000000,0,1.405000,1.450000
BF,10000000,0.900000,3,32668,0.500000,1.000000,1.000000,360232.000000,0.000254,0.000204,30.000000,0.000000,21.000000,0.000000,16232615,0.870106,0.870106
