dictionaryType,n,loadFactor,nHashFunctions,seed,keyPercentage,avgSuccessProbes,avgFailProbes,buildTime,successMeanTime,failMeanTime,successMaxTime,successMinTime,failMaxTime,failMinTime,falsePositives,successTheoricalValue,failTheoricalValue
DH,10000000,0.900000,3,7056,0.500000,1.000000,1.000000,1228207.000000,0.000708,0.063066,54.000000,0.000000,99632.000000,0.000000,0,2.558428,9.999998
LP,10000000,0.900000,3,7056,0.500000,24.000000,24.000000,910827.000000,0.000562,0.098854,56.000000,0.000000,134.000000,0.000000,0,5.499999,50.499978
QP,10000000,0.900000,3,7056,0.500000,4.000000,4.000000,921846.000000,0.000590,0.016647,18.000000,0.000000,136.000000,0.000000,0,0.000000,0.000000
CK,10000000,0.900000,3,7056,0.500000,0.000000,0.000000,5508306.000000,0.000513,0.000636,27.000000,0.000000,149.000000,0.000000,-1544440,0.000000,0.000000
SPL,10000000,0.900000,3,7056,0.500000,1.268281,2.071693,1327755.000000,0.001010,0.001065,33.000000,0.000000,159.000000,0.000000,0,1.405000,1.450000
SPV,10000000,0.900000,3,7056,0.500000,1.268281,2.071693,1658758.000000,0.001060,0.000938,75.000000,0.000000,141.000000,0.000000,0,1.405000,1.450000
BF,10000000,0.900000,3,7056,0.500000,1.000000,1.000000,361597.000000,0.000300,0.000301,20.000000,0.000000,25.000000,0.000000,16239341,0.870106,0.870106
