dictionaryType,n,loadFactor,nHashFunctions,seed,keyPercentage,avgSuccessProbes,avgFailProbes,buildTime,successMeanTime,failMeanTime,successMaxTime,successMinTime,failMaxTime,failMinTime,falsePositives,successTheoricalValue,failTheoricalValue
DH,10000000,0.900000,3,26838,0.500000,20.000000,20.000000,1223807.000000,0.000847,0.057625,69.000000,0.000000,99545.000000,0.000000,0,2.558428,9.999998
LP,10000000,0.900000,3,26838,0.500000,23.000000,23.000000,911642.000000,0.000566,0.095156,30.000000,0.000000,169.000000,0.000000,0,5.499999,50.499978
QP,10000000,0.900000,3,26838,0.500000,8.000000,8.000000,914414.000000,0.000430,0.016594,21.000000,0.000000,176.000000,0.000000,0,0.000000,0.000000
CK,10000000,0.900000,3,26838,0.500000,200.000000,200.000000,5512016.000000,0.000448,0.000863,29.000000,0.000000,51.000000,0.000000,-1545528,0.000000,0.000000
SPL,10000000,0.900000,3,26838,0.500000,1.267601,2.071020,1327291.000000,0.000883,0.001090,138.000000,0.000000,56.000000,0.000000,0,1.405000,1.450000
SPV,10000000,0.900000,3,26838,0.500000,1.267601,2.071020,1619890.000000,0.001052,0.000760,66.000000,0.000000,32.000000,0.000000,0,1.405000,1.450000
BF,10000000,0.900000,3,26838,0.500000,1.000000,1.000000,363074.000000,0.000278,0.000226,133.000000,0.000000,18.000000,0.000000,16233417,0.870106,0.870106
