dictionaryType,n,loadFactor,nHashFunctions,seed,keyPercentage,avgSuccessProbes,avgFailProbes,buildTime,successMeanTime,failMeanTime,successMaxTime,successMinTime,failMaxTime,failMinTime,falsePositives,successTheoricalValue,failTheoricalValue
DH,10000000,0.900000,3,3520,0.500000,10.000000,10.000000,1223532.000000,0.000546,0.061860,30.000000,0.000000,99467.000000,0.000000,0,2.558428,9.999998
LP,10000000,0.900000,3,3520,0.500000,49.000000,49.000000,911269.000000,0.000356,0.097032,34.000000,0.000000,140.000000,0.000000,0,5.499999,50.499978
QP,10000000,0.900000,3,3520,0.500000,29.000000,29.000000,923110.000000,0.000470,0.015965,59.000000,0.000000,141.000000,0.000000,0,0.000000,0.000000
CK,10000000,0.900000,3,3520,0.500000,200.000000,200.000000,5505069.000000,0.000346,0.000384,19.000000,0.000000,139.000000,0.000000,-1542915,0.000000,0.000000
SPL,10000000,0.900000,3,3520,0.500000,1.267856,2.071922,1325293.000000,0.000714,0.000936,36.000000,0.000000,138.000000,0.000000,0,1.405000,1.450000
SPV,10000000,0.900000,3,3520,0.500000,1.267856,2.071922,1653506.000000,0.000983,0.000655,69.000000,0.000000,139.000000,0.000000,0,1.405000,1.450000
BF,10000000,0.900000,3,3520,0.500000,1.000000,1.000000,372751.000000,0.000215,0.000214,27.000000,0.000000,26.000000,0.000000,16239762,0.870106,0.870106
