dictionaryType,n,loadFactor,nHashFunctions,seed,keyPercentage,avgSuccessProbes,avgFailProbes,buildTime,successMeanTime,failMeanTime,successMaxTime,successMinTime,failMaxTime,failMinTime,falsePositives,successTheoricalValue,failTheoricalValue
DH,10000000,0.900000,3,18612,0.500000,12.000000,12.000000,1224444.000000,0.000706,0.052805,63.000000,0.000000,169.000000,0.000000,0,2.558428,9.999998
LP,10000000,0.900000,3,18612,0.500000,21.000000,21.000000,909509.000000,0.000549,0.095975,33.000000,0.000000,140.000000,0.000000,0,5.499999,50.499978
QP,10000000,0.900000,3,18612,0.500000,9.000000,9.000000,916492.000000,0.000562,0.016172,33.000000,0.000000,145.000000,0.000000,0,0.000000,0.000000
CK,10000000,0.900000,3,18612,0.500000,0.000000,0.000000,5506206.000000,0.000301,0.000403,30.000000,0.000000,32.000000,0.000000,-1543558,0.000000,0.000000
SPL,10000000,0.900000,3,18612,0.500000,1.267656,2.071155,1327692.000000,0.001005,0.001057,73.000000,0.000000,59.000000,0.000000,0,1.405000,1.450000
SPV,10000000,0.900000,3,18612,0.500000,1.267656,2.071155,1655250.000000,0.001029,0.000800,64.000000,0.000000,72.000000,0.000000,0,1.405000,1.450000
BF,10000000,0.900000,3,18612,0.500000,1.000000,1.000000,363372.000000,0.000250,0.000304,20.000000,0.000000,20.000000,0.000000,16231185,0.870106,0.870106
