dictionaryType,n,loadFactor,nHashFunctions,seed,keyPercentage,avgSuccessProbes,avgFailProbes,buildTime,successMeanTime,failMeanTime,successMaxTime,successMinTime,failMaxTime,failMinTime,falsePositives,successTheoricalValue,failTheoricalValue
DH,10000000,0.900000,3,6115,0.500000,8.000000,8.000000,1227740.000000,0.000770,0.062969,24.000000,0.000000,99508.000000,0.000000,0,2.558428,9.999998
LP,10000000,0.900000,3,6115,0.500000,1.000000,1.000000,907960.000000,0.000407,0.097091,58.000000,0.000000,160.000000,0.000000,0,5.499999,50.499978
QP,10000000,0.900000,3,6115,0.500000,10.000000,10.000000,917141.000000,0.000497,0.016383,20.000000,0.000000,75.000000,0.000000,0,0.000000,0.000000
CK,10000000,0.900000,3,6115,0.500000,0.000000,0.000000,5520031.000000,0.000451,0.000605,20.000000,0.000000,46.000000,0.000000,-1543919,0.000000,0.000000
SPL,10000000,0.900000,3,6115,0.500000,1.267985,2.071034,1329369.000000,0.000937,0.001039,35.000000,0.000000,29.000000,0.000000,0,1.405000,1.450000
SPV,10000000,0.900000,3,6115,0.500000,1.267985,2.071034,1659372.000000,0.001163,0.000918,32.000000,0.000000,30.000000,0.000000,0,1.405000,1.450000
BF,10000000,0.900000,3,6115,0.500000,1.000000,1.000000,361913.000000,0.000301,0.000337,46.000000,0.000000,20.000000,0.000000,16231245,0.870106,0.870106
