dictionaryType,n,loadFactor,nHashFunctions,seed,keyPercentage,avgSuccessProbes,avgFailProbes,buildTime,successMeanTime,failMeanTime,successMaxTime,successMinTime,failMaxTime,failMinTime,falsePositives,successTheoricalValue,failTheoricalValue
DH,10000000,0.900000,3,1510,0.500000,3.000000,3.000000,1325531.000000,0.000608,0.072518,21.000000,0.000000,100062.000000,0.000000,0,2.558428,9.999998
LP,10000000,0.900000,3,1510,0.500000,2.000000,2.000000,909764.000000,0.000650,0.098191,33.000000,0.000000,59.000000,0.000000,0,5.499999,50.499978
QP,10000000,0.900000,3,1510,0.500000,8.000000,8.000000,915637.000000,0.000450,0.016025,27.000000,0.000000,129.000000,0.000000,0,0.000000,0.000000
CK,10000000,0.900000,3,1510,0.500000,200.000000,200.000000,5513514.000000,0.000294,0.000437,21.000000,0.000000,137.000000,0.000000,-1543373,0.000000,0.000000
SPL,10000000,0.900000,3,1510,0.500000,1.267725,2.071314,1326025.000000,0.000762,0.000832,27.000000,0.000000,138.000000,0.000000,0,1.405000,1.450000
SPV,10000000,0.900000,3,1510,0.500000,1.267725,2.071314,1622146.000000,0.000649,0.000689,37.000000,0.000000,50.000000,0.000000,0,1.405000,1.450000
BF,10000000,0.900000,3,1510,0.500000,1.000000,1.000000,362930.000000,0.000234,0.000211,26.000000,0.000000,20.000000,0.000000,16244588,0.870106,0.870106
