dictionaryType,n,loadFactor,nHashFunctions,seed,keyPercentage,avgSuccessProbes,avgFailProbes,buildTime,successMeanTime,failMeanTime,successMaxTime,successMinTime,failMaxTime,failMinTime,falsePositives,successTheoricalValue,failTheoricalValue
DH,10000000,0.900000,3,2544,0.500000,8.000000,8.000000,1323734.000000,0.000513,0.062363,35.000000,0.000000,99648.000000,0.000000,0,2.558428,9.999998
LP,10000000,0.900000,3,2544,0.500000,24.000000,24.000000,911420.000000,0.000359,0.096778,143.000000,0.000000,140.000000,0.000000,0,5.499999,50.499978
QP,10000000,0.900000,3,2544,0.500000,3.000000,3.000000,918573.000000,0.000408,0.015910,24.000000,0.000000,141.000000,0.000000,0,0.000000,0.000000
CK,10000000,0.900000,3,2544,0.500000,0.000000,0.000000,5503480.000000,0.000299,0.000354,29.000000,0.000000,28.000000,0.000000,-1543132,0.000000,0.000000
SPL,10000000,0.900000,3,2544,0.500000,1.268408,2.071120,1326584.000000,0.000616,0.000761,29.000000,0.000000,136.000000,0.000000,0,1.405000,1.450000
SPV,10000000,0.900000,3,2544,0.500000,1.268408,2.071120,1643751.000000,0.000693,0.000525,164.000000,0.000000,53.000000,0.000000,0,1.405000,1.450000
BF,10000000,0.900000,3,2544,0.500000,1.000000,1.000000,360255.000000,0.000176,0.000178,26.000000,0.000000,16.000000,0.000000,16239441,0.870106,0.870106
