dictionaryType,n,loadFactor,nHashFunctions,seed,keyPercentage,avgSuccessProbes,avgFailProbes,buildTime,successMeanTime,failMeanTime,successMaxTime,successMinTime,failMaxTime,failMinTime,falsePositives,successTheoricalValue,failTheoricalValue
DH,10000000,0.300000,3,12859,0.500000,1.000000,1.000000,652065.000000,0.000348,0.000534,24.000000,0.000000,25.000000,0.000000,0,1.188917,1.428571
LP,10000000,0.300000,3,12859,0.500000,2.000000,2.000000,494014.000000,0.000199,0.000349,21.000000,0.000000,26.000000,0.000000,0,1.214286,1.520408
QP,10000000,0.300000,3,12859,0.500000,1.000000,1.000000,573674.000000,0.000382,0.000438,19.000000,0.000000,100.000000,0.000000,0,0.000000,0.000000
CK,10000000,0.300000,3,12859,0.500000,0.000000,0.000000,2266797.000000,0.000228,0.000388,16.000000,0.000000,30.000000,0.000000,-495225,0.000000,0.000000
SPL,10000000,0.300000,3,12859,0.500000,1.184773,1.740111,1374494.000000,0.000538,0.000514,35.000000,0.000000,24.000000,0.000000,0,1.045000,1.150000
SPV,10000000,0.300000,3,12859,0.500000,1.184773,1.740111,1606920.000000,0.000560,0.000426,29.000000,0.000000,36.000000,0.000000,0,1.045000,1.150000
BF,10000000,0.300000,3,12859,0.500000,1.000000,1.000000,394721.000000,0.000192,0.000182,19.000000,0.000000,27.000000,0.000000,4203118,0.352160,0.352160
