dictionaryType,n,loadFactor,nHashFunctions,seed,keyPercentage,avgSuccessProbes,avgFailProbes,buildTime,successMeanTime,failMeanTime,successMaxTime,successMinTime,failMaxTime,failMinTime,falsePositives,successTheoricalValue,failTheoricalValue
DH,10000000,0.300000,3,10766,0.500000,2.000000,2.000000,650679.000000,0.000348,0.000516,17.000000,0.000000,110.000000,0.000000,0,1.188917,1.428571
LP,10000000,0.300000,3,10766,0.500000,2.000000,2.000000,486271.000000,0.000330,0.000342,26.000000,0.000000,19.000000,0.000000,0,1.214286,1.520408
QP,10000000,0.300000,3,10766,0.500000,4.000000,4.000000,576860.000000,0.000420,0.000469,17.000000,0.000000,29.000000,0.000000,0,0.000000,0.000000
CK,10000000,0.300000,3,10766,0.500000,200.000000,200.000000,2264989.000000,0.000257,0.000407,17.000000,0.000000,31.000000,0.000000,-493870,0.000000,0.000000
SPL,10000000,0.300000,3,10766,0.500000,1.185278,1.740923,1374494.000000,0.000491,0.000519,26.000000,0.000000,25.000000,0.000000,0,1.045000,1.150000
SPV,10000000,0.300000,3,10766,0.500000,1.185278,1.740923,1609145.000000,0.000517,0.000476,21.000000,0.000000,25.000000,0.000000,0,1.045000,1.150000
BF,10000000,0.300000,3,10766,0.500000,1.000000,1.000000,416174.000000,0.000252,0.000194,26.000000,0.000000,17.000000,0.000000,4203398,0.352160,0.352160
