dictionaryType,n,loadFactor,nHashFunctions,seed,keyPercentage,avgSuccessProbes,avgFailProbes,buildTime,successMeanTime,failMeanTime,successMaxTime,successMinTime,failMaxTime,failMinTime,falsePositives,successTheoricalValue,failTheoricalValue
DH,10000000,0.300000,3,11918,0.500000,1.000000,1.000000,651529.000000,0.000315,0.000452,20.000000,0.000000,94.000000,0.000000,0,1.188917,1.428571
LP,10000000,0.300000,3,11918,0.500000,1.000000,1.000000,500689.000000,0.000286,0.000312,16.000000,0.000000,19.000000,0.000000,0,1.214286,1.520408
QP,10000000,0.300000,3,11918,0.500000,9.000000,9.000000,558391.000000,0.000289,0.000400,15.000000,0.000000,21.000000,0.000000,0,0.000000,0.000000
CK,10000000,0.300000,3,11918,0.500000,0.000000,0.000000,2263644.000000,0.000265,0.000345,16.000000,0.000000,23.000000,0.000000,-493156,0.000000,0.000000
SPL,10000000,0.300000,3,11918,0.500000,1.185268,1.740441,1362267.000000,0.000467,0.000473,28.000000,0.000000,25.000000,0.000000,0,1.045000,1.150000
SPV,10000000,0.300000,3,11918,0.500000,1.185268,1.740441,1600692.000000,0.000412,0.000390,17.000000,0.000000,28.000000,0.000000,0,1.045000,1.150000
BF,10000000,0.300000,3,11918,0.500000,1.000000,1.000000,401010.000000,0.000171,0.000143,16.000000,0.000000,19.000000,0.000000,4204130,0.352160,0.352160
