dictionaryType,n,loadFactor,nHashFunctions,seed,keyPercentage,avgSuccessProbes,avgFailProbes,buildTime,successMeanTime,failMeanTime,successMaxTime,successMinTime,failMaxTime,failMinTime,falsePositives,successTheoricalValue,failTheoricalValue
DH,10000000,0.300000,3,30579,0.500000,1.000000,1.000000,1239783.000000,0.000375,0.015399,27.000000,0.000000,298401.000000,0.000000,-1,1.188917,1.428571
LP,10000000,0.300000,3,30579,0.500000,1.000000,1.000000,487887.000000,0.000267,0.000302,20.000000,0.000000,29.000000,0.000000,0,1.214286,1.520408
QP,10000000,0.300000,3,30579,0.500000,1.000000,1.000000,561039.000000,0.000282,0.000385,16.000000,0.000000,27.000000,0.000000,0,0.000000,0.000000
CK,10000000,0.300000,3,30579,0.500000,0.000000,0.000000,2266273.000000,0.000225,0.000323,16.000000,0.000000,23.000000,0.000000,-495494,0.000000,0.000000
SPL,10000000,0.300000,3,30579,0.500000,1.184785,1.740566,1360652.000000,0.000469,0.000514,16.000000,0.000000,96.000000,0.000000,0,1.045000,1.150000
SPV,10000000,0.300000,3,30579,0.500000,1.184785,1.740566,1604889.000000,0.000454,0.000366,17.000000,0.000000,30.000000,0.000000,0,1.045000,1.150000
BF,10000000,0.300000,3,30579,0.500000,1.000000,1.000000,405692.000000,0.000182,0.000167,26.000000,0.000000,29.000000,0.000000,4204707,0.352160,0.352160
