dictionaryType,n,loadFactor,nHashFunctions,seed,keyPercentage,avgSuccessProbes,avgFailProbes,buildTime,successMeanTime,failMeanTime,successMaxTime,successMinTime,failMaxTime,failMinTime,falsePositives,successTheoricalValue,failTheoricalValue
DH,10000000,0.300000,3,8831,0.500000,1.000000,1.000000,648757.000000,0.000264,0.015378,20.000000,0.000000,298579.000000,0.000000,0,1.188917,1.428571
LP,10000000,0.300000,3,8831,0.500000,3.000000,3.000000,486060.000000,0.000296,0.000293,26.000000,0.000000,20.000000,0.000000,0,1.214286,1.520408
QP,10000000,0.300000,3,8831,0.500000,1.000000,1.000000,573338.000000,0.000282,0.000399,29.000000,0.000000,19.000000,0.000000,0,0.000000,0.000000
CK,10000000,0.300000,3,8831,0.500000,0.000000,0.000000,2266505.000000,0.000288,0.000330,19.000000,0.000000,29.000000,0.000000,-494673,0.000000,0.000000
SPL,10000000,0.300000,3,8831,0.500000,1.184983,1.740540,1356592.000000,0.000487,0.000482,27.000000,0.000000,104.000000,0.000000,0,1.045000,1.150000
SPV,10000000,0.300000,3,8831,0.500000,1.184983,1.740540,1596231.000000,0.000425,0.000378,16.000000,0.000000,27.000000,0.000000,0,1.045000,1.150000
BF,10000000,0.300000,3,8831,0.500000,1.000000,1.000000,427566.000000,0.000216,0.000161,17.000000,0.000000,20.000000,0.000000,4205052,0.352160,0.352160
