dictionaryType,n,loadFactor,nHashFunctions,seed,keyPercentage,avgSuccessProbes,avgFailProbes,buildTime,successMeanTime,failMeanTime,successMaxTime,successMinTime,failMaxTime,failMinTime,falsePositives,successTheoricalValue,failTheoricalValue
DH,10000000,0.700000,3,30241,0.500000,1.000000,1.000000,1109303.000000,0.002756,0.023746,21.000000,0.000000,131040.000000,0.000000,-1,1.719961,3.333333
LP,10000000,0.700000,3,30241,0.500000,2.000000,2.000000,694620.000000,0.002057,0.002673,21.000000,0.000000,23.000000,0.000000,0,2.166667,6.055555
QP,10000000,0.700000,3,30241,0.500000,1.000000,1.000000,728817.000000,0.002021,0.002829,22.000000,0.000000,23.000000,0.000000,0,0.000000,0.000000
CK,10000000,0.700000,3,30241,0.500000,0.000000,0.000000,4611387.000000,0.001757,0.001945,43.000000,0.000000,31.000000,0.000000,-1226047,0.000000,0.000000
SPL,10000000,0.700000,3,30241,0.500000,1.235075,1.940576,1385859.000000,0.003662,0.004267,21.000000,0.000000,30.000000,0.000000,0,1.245000,1.350000
SPV,10000000,0.700000,3,30241,0.500000,1.235075,1.940576,1751067.000000,0.004512,0.003140,108.000000,0.000000,56.000000,0.000000,0,1.245000,1.350000
BF,10000000,0.700000,3,30241,0.500000,1.000000,1.000000,373426.000000,0.001249,0.001158,100.000000,0.000000,21.000000,0.000000,13515935,0.770083,0.770083
