dictionaryType,n,loadFactor,nHashFunctions,seed,keyPercentage,avgSuccessProbes,avgFailProbes,buildTime,successMeanTime,failMeanTime,successMaxTime,successMinTime,failMaxTime,failMinTime,falsePositives,successTheoricalValue,failTheoricalValue
DH,10000000,0.700000,3,6814,0.500000,3.000000,3.000000,1117042.000000,0.003766,0.018985,26.000000,0.000000,131740.000000,0.000000,0,1.719961,3.333333
LP,10000000,0.700000,3,6814,0.500000,6.000000,6.000000,707353.000000,0.003236,0.003964,21.000000,0.000000,114.000000,0.000000,0,2.166667,6.055555
QP,10000000,0.700000,3,6814,0.500000,3.000000,3.000000,735335.000000,0.003236,0.004092,22.000000,0.000000,28.000000,0.000000,0,0.000000,0.000000
CK,10000000,0.700000,3,6814,0.500000,200.000000,200.000000,4668844.000000,0.002537,0.003099,22.000000,0.000000,105.000000,0.000000,-1226454,0.000000,0.000000
SPL,10000000,0.700000,3,6814,0.500000,1.235358,1.940357,1456622.000000,0.007066,0.007082,39.000000,0.000000,109.000000,0.000000,0,1.245000,1.350000
SPV,10000000,0.700000,3,6814,0.500000,1.235358,1.940357,1794919.000000,0.006276,0.005578,25.000000,0.000000,111.000000,0.000000,0,1.245000,1.350000
BF,10000000,0.700000,3,6814,0.500000,1.000000,1.000000,397874.000000,0.002414,0.002275,25.000000,0.000000,32.000000,0.000000,13516908,0.770083,0.770083
