dictionaryType,n,loadFactor,nHashFunctions,seed,keyPercentage,avgSuccessProbes,avgFailProbes,buildTime,successMeanTime,failMeanTime,successMaxTime,successMinTime,failMaxTime,failMinTime,falsePositives,successTheoricalValue,failTheoricalValue
DH,10000000,0.700000,3,20545,0.500000,8.000000,8.000000,944723.000000,0.000432,0.007498,16.000000,0.000000,128181.000000,0.000000,0,1.719961,3.333333
LP,10000000,0.700000,3,20545,0.500000,34.000000,34.000000,701662.000000,0.002754,0.001936,822.000000,0.000000,34.000000,0.000000,0,2.166667,6.055555
QP,10000000,0.700000,3,20545,0.500000,1.000000,1.000000,737625.000000,0.001754,0.002328,22.000000,0.000000,117.000000,0.000000,0,0.000000,0.000000
CK,10000000,0.700000,3,20545,0.500000,0.000000,0.000000,4608709.000000,0.002079,0.001759,23.000000,0.000000,72.000000,0.000000,-1226855,0.000000,0.000000
SPL,10000000,0.700000,3,20545,0.500000,1.235486,1.940320,1403950.000000,0.011608,0.015822,106.000000,0.000000,475.000000,0.000000,0,1.245000,1.350000
SPV,10000000,0.700000,3,20545,0.500000,1.235486,1.940320,1869135.000000,0.002973,0.001244,46.000000,0.000000,25.000000,0.000000,0,1.245000,1.350000
BF,10000000,0.700000,3,20545,0.500000,1.000000,1.000000,362430.000000,0.001315,0.001404,59.000000,0.000000,39.000000,0.000000,13514985,0.770083,0.770083
