dictionaryType,n,loadFactor,nHashFunctions,seed,keyPercentage,avgSuccessProbes,avgFailProbes,buildTime,successMeanTime,failMeanTime,successMaxTime,successMinTime,failMaxTime,failMinTime,falsePositives,successTheoricalValue,failTheoricalValue
DH,10000000,0.700000,3,1734,0.500000,3.000000,3.000000,1095947.000000,0.002202,0.009105,26.000000,0.000000,130858.000000,0.000000,0,1.719961,3.333333
LP,10000000,0.700000,3,1734,0.500000,7.000000,7.000000,683434.000000,0.001564,0.001823,17.000000,0.000000,147.000000,0.000000,0,2.166667,6.055555
QP,10000000,0.700000,3,1734,0.500000,7.000000,7.000000,726369.000000,0.003718,0.006098,27.000000,0.000000,104.000000,0.000000,0,0.000000,0.000000
CK,10000000,0.700000,3,1734,0.500000,0.000000,0.000000,4600129.000000,0.000874,0.001534,34.000000,0.000000,22.000000,0.000000,-1225960,0.000000,0.000000
SPL,10000000,0.700000,3,1734,0.500000,1.235105,1.940644,1347711.000000,0.004701,0.003415,46.000000,0.000000,114.000000,0.000000,0,1.245000,1.350000
SPV,10000000,0.700000,3,1734,0.500000,1.235105,1.940644,1680677.000000,0.003511,0.002807,42.000000,0.000000,72.000000,0.000000,0,1.245000,1.350000
BF,10000000,0.700000,3,1734,0.500000,1.000000,1.000000,376426.000000,0.001002,0.001137,86.000000,0.000000,24.000000,0.000000,13524902,0.770083,0.770083
