dictionaryType,n,loadFactor,nHashFunctions,seed,keyPercentage,avgSuccessProbes,avgFailProbes,buildTime,successMeanTime,failMeanTime,successMaxTime,successMinTime,failMaxTime,failMinTime,falsePositives,successTheoricalValue,failTheoricalValue
DH,10000000,0.700000,3,6912,0.500000,3.000000,3.000000,1171394.000000,0.002477,0.027169,35.000000,0.000000,138606.000000,0.000000,-1,1.719961,3.333333
LP,10000000,0.700000,3,6912,0.500000,7.000000,7.000000,710341.000000,0.005127,0.003712,30.000000,0.000000,109.000000,0.000000,0,2.166667,6.055555
QP,10000000,0.700000,3,6912,0.500000,2.000000,2.000000,711889.000000,0.000740,0.001884,19.000000,0.000000,23.000000,0.000000,0,0.000000,0.000000
CK,10000000,0.700000,3,6912,0.500000,200.000000,200.000000,4574135.000000,0.000575,0.002001,16.000000,0.000000,163.000000,0.000000,-1225408,0.000000,0.000000
SPL,10000000,0.700000,3,6912,0.500000,1.234937,1.940840,1407756.000000,0.002431,0.006885,28.000000,0.000000,31.000000,0.000000,0,1.245000,1.350000
SPV,10000000,0.700000,3,6912,0.500000,1.234937,1.940840,1651550.000000,0.001490,0.001262,27.000000,0.000000,50.000000,0.000000,0,1.245000,1.350000
BF,10000000,0.700000,3,6912,0.500000,1.000000,1.000000,368315.000000,0.000424,0.000370,21.000000,0.000000,34.000000,0.000000,13515333,0.770083,0.770083
