dictionaryType,n,loadFactor,nHashFunctions,seed,keyPercentage,avgSuccessProbes,avgFailProbes,buildTime,successMeanTime,failMeanTime,successMaxTime,successMinTime,failMaxTime,failMinTime,falsePositives,successTheoricalValue,failTheoricalValue
DH,10000000,0.700000,3,9483,0.500000,3.000000,3.000000,1166897.000000,0.001161,0.022064,22.000000,0.000000,133491.000000,0.000000,0,1.719961,3.333333
LP,10000000,0.700000,3,9483,0.500000,12.000000,12.000000,675715.000000,0.000610,0.005239,20.000000,0.000000,38.000000,0.000000,0,2.166667,6.055555
QP,10000000,0.700000,3,9483,0.500000,3.000000,3.000000,752325.000000,0.003813,0.004624,23.000000,0.000000,40.000000,0.000000,0,0.000000,0.000000
CK,10000000,0.700000,3,9483,0.500000,0.000000,0.000000,4785231.000000,0.003047,0.000760,26.000000,0.000000,30.000000,0.000000,-1225541,0.000000,0.000000
SPL,10000000,0.700000,3,9483,0.500000,1.235415,1.940723,1354723.000000,0.000770,0.002861,19.000000,0.000000,38.000000,0.000000,0,1.245000,1.350000
SPV,10000000,0.700000,3,9483,0.500000,1.235415,1.940723,1749691.000000,0.003121,0.006659,30.000000,0.000000,35.000000,0.000000,0,1.245000,1.350000
BF,10000000,0.700000,3,9483,0.500000,1.000000,1.000000,362519.000000,0.000905,0.000857,27.000000,0.000000,21.000000,0.000000,13521473,0.770083,0.770083
