dictionaryType,n,loadFactor,nHashFunctions,seed,keyPercentage,avgSuccessProbes,avgFailProbes,buildTime,successMeanTime,failMeanTime,successMaxTime,successMinTime,failMaxTime,failMinTime,falsePositives,successTheoricalValue,failTheoricalValue
DH,10000000,0.700000,3,22395,0.500000,7.000000,7.000000,977918.000000,0.002193,0.011111,21.000000,0.000000,132514.000000,0.000000,0,1.719961,3.333333
LP,10000000,0.700000,3,22395,0.500000,2.000000,2.000000,693003.000000,0.001696,0.002648,26.000000,0.000000,23.000000,0.000000,0,2.166667,6.055555
QP,10000000,0.700000,3,22395,0.500000,1.000000,1.000000,723832.000000,0.002345,0.002943,21.000000,0.000000,106.000000,0.000000,0,0.000000,0.000000
CK,10000000,0.700000,3,22395,0.500000,0.000000,0.000000,4626235.000000,0.001820,0.002120,16.000000,0.000000,25.000000,0.000000,-1226398,0.000000,0.000000
SPL,10000000,0.700000,3,22395,0.500000,1.234641,1.940603,1388793.000000,0.003955,0.004203,23.000000,0.000000,23.000000,0.000000,0,1.245000,1.350000
SPV,10000000,0.700000,3,22395,0.500000,1.234641,1.940603,1748647.000000,0.004208,0.003308,21.000000,0.000000,43.000000,0.000000,0,1.245000,1.350000
BF,10000000,0.700000,3,22395,0.500000,1.000000,1.000000,373180.000000,0.001157,0.001073,42.000000,0.000000,21.000000,0.000000,13520967,0.770083,0.770083
