dictionaryType,n,loadFactor,nHashFunctions,seed,keyPercentage,avgSuccessProbes,avgFailProbes,buildTime,successMeanTime,failMeanTime,successMaxTime,successMinTime,failMaxTime,failMinTime,falsePositives,successTheoricalValue,failTheoricalValue
DH,10000000,0.700000,3,10977,0.500000,1.000000,1.000000,975961.000000,0.006298,0.026340,30.000000,0.000000,133984.000000,0.000000,0,1.719961,3.333333
LP,10000000,0.700000,3,10977,0.500000,1.000000,1.000000,700578.000000,0.002192,0.001482,27.000000,0.000000,30.000000,0.000000,0,2.166667,6.055555
QP,10000000,0.700000,3,10977,0.500000,1.000000,1.000000,697504.000000,0.000441,0.000911,28.000000,0.000000,26.000000,0.000000,0,0.000000,0.000000
CK,10000000,0.700000,3,10977,0.500000,0.000000,0.000000,4534249.000000,0.000690,0.001972,16.000000,0.000000,91.000000,0.000000,-1226572,0.000000,0.000000
SPL,10000000,0.700000,3,10977,0.500000,1.235077,1.940537,1423175.000000,0.000710,0.008485,17.000000,0.000000,45.000000,0.000000,0,1.245000,1.350000
SPV,10000000,0.700000,3,10977,0.500000,1.235077,1.940537,1769137.000000,0.013862,0.006997,44.000000,0.000000,64.000000,0.000000,0,1.245000,1.350000
BF,10000000,0.700000,3,10977,0.500000,1.000000,1.000000,399135.000000,0.003110,0.002841,108.000000,0.000000,34.000000,0.000000,13507858,0.770083,0.770083
