dictionaryType,n,loadFactor,nHashFunctions,seed,keyPercentage,avgSuccessProbes,avgFailProbes,buildTime,successMeanTime,failMeanTime,successMaxTime,successMinTime,failMaxTime,failMinTime,falsePositives,successTheoricalValue,failTheoricalValue
DH,10000000,0.700000,3,28028,0.500000,5.000000,5.000000,1005556.000000,0.002809,0.016135,34.000000,0.000000,135673.000000,0.000000,0,1.719961,3.333333
LP,10000000,0.700000,3,28028,0.500000,1.000000,1.000000,694553.000000,0.001776,0.001016,20.000000,0.000000,153.000000,0.000000,0,2.166667,6.055555
QP,10000000,0.700000,3,28028,0.500000,5.000000,5.000000,715270.000000,0.001562,0.001887,24.000000,0.000000,64.000000,0.000000,0,0.000000,0.000000
CK,10000000,0.700000,3,28028,0.500000,200.000000,200.000000,4552032.000000,0.000536,0.000715,21.000000,0.000000,62.000000,0.000000,-1226033,0.000000,0.000000
SPL,10000000,0.700000,3,28028,0.500000,1.235207,1.940747,1347226.000000,0.001742,0.001344,81.000000,0.000000,63.000000,0.000000,0,1.245000,1.350000
SPV,10000000,0.700000,3,28028,0.500000,1.235207,1.940747,1670858.000000,0.001196,0.001079,32.000000,0.000000,63.000000,0.000000,0,1.245000,1.350000
BF,10000000,0.700000,3,28028,0.500000,1.000000,1.000000,367408.000000,0.000359,0.000336,137.000000,0.000000,20.000000,0.000000,13516419,0.770083,0.770083
