dictionaryType,n,loadFactor,nHashFunctions,seed,keyPercentage,avgSuccessProbes,avgFailProbes,buildTime,successMeanTime,failMeanTime,successMaxTime,successMinTime,failMaxTime,failMinTime,falsePositives,successTheoricalValue,failTheoricalValue
DH,10000000,0.700000,3,23329,0.500000,2.000000,2.000000,946144.000000,0.000496,0.020154,18.000000,0.000000,128500.000000,0.000000,0,1.719961,3.333333
LP,10000000,0.700000,3,23329,0.500000,23.000000,23.000000,677668.000000,0.000363,0.000747,17.000000,0.000000,29.000000,0.000000,0,2.166667,6.055555
QP,10000000,0.700000,3,23329,0.500000,4.000000,4.000000,703527.000000,0.000523,0.000697,21.000000,0.000000,22.000000,0.000000,0,0.000000,0.000000
CK,10000000,0.700000,3,23329,0.500000,200.000000,200.000000,4544157.000000,0.001575,0.002844,21.000000,0.000000,105.000000,0.000000,-1226230,0.000000,0.000000
SPL,10000000,0.700000,3,23329,0.500000,1.235140,1.940508,1370296.000000,0.001742,0.011428,25.000000,0.000000,133.000000,0.000000,0,1.245000,1.350000
SPV,10000000,0.700000,3,23329,0.500000,1.235140,1.940508,1985301.000000,0.011578,0.010081,85.000000,0.000000,171.000000,0.000000,0,1.245000,1.350000
BF,10000000,0.700000,3,23329,0.500000,1.000000,1.000000,907279.000000,0.004509,0.003263,3817.000000,0.000000,95.000000,0.000000,13508877,0.770083,0.770083
