dictionaryType,n,loadFactor,nHashFunctions,seed,keyPercentage,avgSuccessProbes,avgFailProbes,buildTime,successMeanTime,failMeanTime,successMaxTime,successMinTime,failMaxTime,failMinTime,falsePositives,successTheoricalValue,failTheoricalValue
DH,10000000,0.700000,3,7921,0.500000,2.000000,2.000000,993661.000000,0.003827,0.022666,21.000000,0.000000,140053.000000,0.000000,0,1.719961,3.333333
LP,10000000,0.700000,3,7921,0.500000,8.000000,8.000000,707394.000000,0.003183,0.003845,38.000000,0.000000,29.000000,0.000000,0,2.166667,6.055555
QP,10000000,0.700000,3,7921,0.500000,3.000000,3.000000,739564.000000,0.003392,0.004351,23.000000,0.000000,22.000000,0.000000,0,0.000000,0.000000
CK,10000000,0.700000,3,7921,0.500000,200.000000,200.000000,4696375.000000,0.002938,0.003398,16.000000,0.000000,105.000000,0.000000,-1226402,0.000000,0.000000
SPL,10000000,0.700000,3,7921,0.500000,1.235228,1.940397,1442044.000000,0.006569,0.007280,21.000000,0.000000,109.000000,0.000000,0,1.245000,1.350000
SPV,10000000,0.700000,3,7921,0.500000,1.235228,1.940397,1784903.000000,0.006259,0.005480,24.000000,0.000000,27.000000,0.000000,0,1.245000,1.350000
BF,10000000,0.700000,3,7921,0.500000,1.000000,1.000000,381190.000000,0.001990,0.001860,22.000000,0.000000,60.000000,0.000000,13515525,0.770083,0.770083
