dictionaryType,n,loadFactor,nHashFunctions,seed,keyPercentage,avgSuccessProbes,avgFailProbes,buildTime,successMeanTime,failMeanTime,successMaxTime,successMinTime,failMaxTime,failMinTime,falsePositives,successTheoricalValue,failTheoricalValue
DH,10000000,0.700000,3,19776,0.500000,2.000000,2.000000,1274226.000000,0.005386,0.010872,108.000000,0.000000,100.000000,0.000000,0,1.719961,3.333333
LP,10000000,0.700000,3,19776,0.500000,3.000000,3.000000,763937.000000,0.007465,0.006764,65.000000,0.000000,57.000000,0.000000,0,2.166667,6.055555
QP,10000000,0.700000,3,19776,0.500000,7.000000,7.000000,886611.000000,0.009759,0.010373,49.000000,0.000000,55.000000,0.000000,0,0.000000,0.000000
CK,10000000,0.700000,3,19776,0.500000,0.000000,0.000000,4892419.000000,0.007527,0.005114,38.000000,0.000000,61.000000,0.000000,-1226850,0.000000,0.000000
SPL,10000000,0.700000,3,19776,0.500000,1.235167,1.940374,1530745.000000,0.010062,0.012612,39.000000,0.000000,6694.000000,0.000000,0,1.245000,1.350000
SPV,10000000,0.700000,3,19776,0.500000,1.235167,1.940374,1720979.000000,0.001660,0.001443,28.000000,0.000000,25.000000,0.000000,0,1.245000,1.350000
BF,10000000,0.700000,3,19776,0.500000,1.000000,1.000000,362572.000000,0.000343,0.000321,22.000000,0.000000,22.000000,0.000000,13514185,0.770083,0.770083
