dictionaryType,n,loadFactor,nHashFunctions,seed,keyPercentage,avgSuccessProbes,avgFailProbes,buildTime,successMeanTime,failMeanTime,successMaxTime,successMinTime,failMaxTime,failMinTime,falsePositives,successTheoricalValue,failTheoricalValue
DH,10000000,0.700000,3,27570,0.500000,1.000000,1.000000,988257.000000,0.003714,0.031998,21.000000,0.000000,132023.000000,0.000000,0,1.719961,3.333333
LP,10000000,0.700000,3,27570,0.500000,3.000000,3.000000,709367.000000,0.003156,0.004252,21.000000,0.000000,98.000000,0.000000,0,2.166667,6.055555
QP,10000000,0.700000,3,27570,0.500000,1.000000,1.000000,736908.000000,0.003174,0.004118,21.000000,0.000000,25.000000,0.000000,0,0.000000,0.000000
CK,10000000,0.700000,3,27570,0.500000,0.000000,0.000000,4675479.000000,0.002940,0.003132,17.000000,0.000000,29.000000,0.000000,-1226506,0.000000,0.000000
SPL,10000000,0.700000,3,27570,0.500000,1.234909,1.940310,1444663.000000,0.006936,0.007398,27.000000,0.000000,883.000000,0.000000,0,1.245000,1.350000
SPV,10000000,0.700000,3,27570,0.500000,1.234909,1.940310,1763895.000000,0.006364,0.005623,21.000000,0.000000,113.000000,0.000000,0,1.245000,1.350000
BF,10000000,0.700000,3,27570,0.500000,1.000000,1.000000,388233.000000,0.002014,0.001820,46.000000,0.000000,21.000000,0.000000,13512738,0.770083,0.770083
