dictionaryType,n,loadFactor,nHashFunctions,seed,keyPercentage,avgSuccessProbes,avgFailProbes,buildTime,successMeanTime,failMeanTime,successMaxTime,successMinTime,failMaxTime,failMinTime,falsePositives,successTheoricalValue,failTheoricalValue
DH,10000000,0.500000,3,8831,0.500000,1.000000,1.000000,1145232.000000,0.000323,0.029909,19.000000,0.000000,185325.000000,0.000000,-1,1.386294,2.000000
LP,10000000,0.500000,3,8831,0.500000,3.000000,3.000000,570141.000000,0.004558,0.001819,38.000000,0.000000,24.000000,0.000000,0,1.500000,2.500000
QP,10000000,0.500000,3,8831,0.500000,7.000000,7.000000,771939.000000,0.000485,1.057022,23.000000,0.000000,99.000000,0.000000,0,0.000000,0.000000
CK,10000000,0.500000,3,8831,0.500000,0.000000,0.000000,3490813.000000,0.000549,0.002428,16.000000,0.000000,43.000000,0.000000,-872721,0.000000,0.000000
SPL,10000000,0.500000,3,8831,0.500000,1.204835,1.820023,1396726.000000,0.005678,0.000584,27.000000,0.000000,33.000000,0.000000,0,1.125000,1.250000
SPV,10000000,0.500000,3,8831,0.500000,1.204835,1.820023,1583798.000000,0.004750,0.003276,41.000000,0.000000,142.000000,0.000000,0,1.125000,1.250000
BF,10000000,0.500000,3,8831,0.500000,1.000000,1.000000,371011.000000,0.000416,0.000381,22.000000,0.000000,19.000000,0.000000,9367068,0.603527,0.603527
