dictionaryType,n,loadFactor,nHashFunctions,seed,keyPercentage,avgSuccessProbes,avgFailProbes,buildTime,successMeanTime,failMeanTime,successMaxTime,successMinTime,failMaxTime,failMinTime,falsePositives,successTheoricalValue,failTheoricalValue
DH,10000000,0.500000,3,32294,0.500000,3.000000,3.000000,805854.000000,0.000576,0.010452,21.000000,0.000000,180753.000000,0.000000,0,1.386294,2.000000
LP,10000000,0.500000,3,32294,0.500000,1.000000,1.000000,547926.000000,0.000301,0.000317,22.000000,0.000000,25.000000,0.000000,0,1.500000,2.500000
QP,10000000,0.500000,3,32294,0.500000,533.000000,533.000000,793883.000000,0.000327,1.373956,20.000000,0.000000,95.000000,0.000000,0,0.000000,0.000000
CK,10000000,0.500000,3,32294,0.500000,200.000000,200.000000,3439456.000000,0.000186,0.000310,15.000000,0.000000,23.000000,0.000000,-870840,0.000000,0.000000
SPL,10000000,0.500000,3,32294,0.500000,1.204951,1.820221,1374097.000000,0.000544,0.000505,17.000000,0.000000,21.000000,0.000000,0,1.125000,1.250000
SPV,10000000,0.500000,3,32294,0.500000,1.204951,1.820221,1590492.000000,0.000855,0.000500,100.000000,0.000000,116.000000,0.000000,0,1.125000,1.250000
BF,10000000,0.500000,3,32294,0.500000,1.000000,1.000000,368590.000000,0.000176,0.000149,93.000000,0.000000,16.000000,0.000000,9371193,0.603527,0.603527
