dictionaryType,n,loadFactor,nHashFunctions,seed,keyPercentage,avgSuccessProbes,avgFailProbes,buildTime,successMeanTime,failMeanTime,successMaxTime,successMinTime,failMaxTime,failMinTime,falsePositives,successTheoricalValue,failTheoricalValue
DH,10000000,0.500000,3,21540,0.500000,1.000000,1.000000,792600.000000,0.000841,0.011045,92.000000,0.000000,179606.000000,0.000000,0,1.386294,2.000000
LP,10000000,0.500000,3,21540,0.500000,2.000000,2.000000,559242.000000,0.000934,0.000962,135.000000,0.000000,161.000000,0.000000,0,1.500000,2.500000
QP,10000000,0.500000,3,21540,0.500000,1.000000,1.000000,795593.000000,0.000868,1.510866,106.000000,0.000000,187.000000,0.000000,0,0.000000,0.000000
CK,10000000,0.500000,3,21540,0.500000,0.000000,0.000000,3459892.000000,0.000584,0.001125,88.000000,0.000000,122.000000,0.000000,-872048,0.000000,0.000000
SPL,10000000,0.500000,3,21540,0.500000,1.205304,1.820119,1365928.000000,0.001378,0.001458,85.000000,0.000000,112.000000,0.000000,0,1.125000,1.250000
SPV,10000000,0.500000,3,21540,0.500000,1.205304,1.820119,1607172.000000,0.001360,0.001238,112.000000,0.000000,145.000000,0.000000,0,1.125000,1.250000
BF,10000000,0.500000,3,21540,0.500000,1.000000,1.000000,373373.000000,0.000493,0.000468,142.000000,0.000000,155.000000,0.000000,9366926,0.603527,0.603527
