dictionaryType,n,loadFactor,nHashFunctions,seed,keyPercentage,avgSuccessProbes,avgFailProbes,buildTime,successMeanTime,failMeanTime,successMaxTime,successMinTime,failMaxTime,failMinTime,falsePositives,successTheoricalValue,failTheoricalValue
DH,10000000,0.500000,3,19091,0.500000,1.000000,1.000000,784031.000000,0.000294,0.000865,16.000000,0.000000,102.000000,0.000000,0,1.386294,2.000000
LP,10000000,0.500000,3,19091,0.500000,3.000000,3.000000,551658.000000,0.000206,0.000372,16.000000,0.000000,46.000000,0.000000,0,1.500000,2.500000
QP,10000000,0.500000,3,19091,0.500000,1.000000,1.000000,787705.000000,0.000344,1.125987,99.000000,0.000000,457.000000,0.000000,0,0.000000,0.000000
CK,10000000,0.500000,3,19091,0.500000,0.000000,0.000000,3533887.000000,0.004155,0.002825,21.000000,0.000000,22.000000,0.000000,-870051,0.000000,0.000000
SPL,10000000,0.500000,3,19091,0.500000,1.204955,1.820076,1453659.000000,0.008876,0.003685,52.000000,0.000000,137.000000,0.000000,0,1.125000,1.250000
SPV,10000000,0.500000,3,19091,0.500000,1.204955,1.820076,1794487.000000,0.005359,0.006483,118.000000,0.000000,52.000000,0.000000,0,1.125000,1.250000
BF,10000000,0.500000,3,19091,0.500000,1.000000,1.000000,379063.000000,0.000838,0.000997,24.000000,0.000000,26.000000,0.000000,9372642,0.603527,0.603527
