dictionaryType,n,loadFactor,nHashFunctions,seed,keyPercentage,avgSuccessProbes,avgFailProbes,buildTime,successMeanTime,failMeanTime,successMaxTime,successMinTime,failMaxTime,failMinTime,falsePositives,successTheoricalValue,failTheoricalValue
DH,10000000,0.500000,3,24741,0.500000,4.000000,4.000000,797998.000000,0.006400,0.015670,4237.000000,0.000000,195095.000000,0.000000,0,1.386294,2.000000
LP,10000000,0.500000,3,24741,0.500000,2.000000,2.000000,611813.000000,0.005281,0.004369,35.000000,0.000000,86.000000,0.000000,0,1.500000,2.500000
QP,10000000,0.500000,3,24741,0.500000,4.000000,4.000000,845953.000000,0.005776,1.303201,67.000000,0.000000,135.000000,0.000000,0,0.000000,0.000000
CK,10000000,0.500000,3,24741,0.500000,200.000000,200.000000,3441990.000000,0.000292,0.000346,20.000000,0.000000,26.000000,0.000000,-872044,0.000000,0.000000
SPL,10000000,0.500000,3,24741,0.500000,1.205263,1.820557,1333935.000000,0.000512,0.002561,38.000000,0.000000,30.000000,0.000000,0,1.125000,1.250000
SPV,10000000,0.500000,3,24741,0.500000,1.205263,1.820557,1703420.000000,0.001687,0.001653,107.000000,0.000000,105.000000,0.000000,0,1.125000,1.250000
BF,10000000,0.500000,3,24741,0.500000,1.000000,1.000000,367058.000000,0.000138,0.000193,16.000000,0.000000,18.000000,0.000000,9373788,0.603527,0.603527
