dictionaryType,n,loadFactor,nHashFunctions,seed,keyPercentage,avgSuccessProbes,avgFailProbes,buildTime,successMeanTime,failMeanTime,successMaxTime,successMinTime,failMaxTime,failMinTime,falsePositives,successTheoricalValue,failTheoricalValue
DH,10000000,0.500000,3,2346,0.500000,2.000000,2.000000,781252.000000,0.000320,0.000810,16.000000,0.000000,27.000000,0.000000,0,1.386294,2.000000
LP,10000000,0.500000,3,2346,0.500000,2.000000,2.000000,550653.000000,0.000242,0.000353,16.000000,0.000000,22.000000,0.000000,0,1.500000,2.500000
QP,10000000,0.500000,3,2346,0.500000,757.000000,757.000000,761598.000000,0.000319,0.922428,20.000000,0.000000,81.000000,0.000000,0,0.000000,0.000000
CK,10000000,0.500000,3,2346,0.500000,200.000000,200.000000,3443589.000000,0.000211,0.000336,15.000000,0.000000,25.000000,0.000000,-873047,0.000000,0.000000
SPL,10000000,0.500000,3,2346,0.500000,1.205322,1.820106,1358033.000000,0.000580,0.000583,27.000000,0.000000,27.000000,0.000000,0,1.125000,1.250000
SPV,10000000,0.500000,3,2346,0.500000,1.205322,1.820106,1589771.000000,0.000787,0.000502,23.000000,0.000000,25.000000,0.000000,0,1.125000,1.250000
BF,10000000,0.500000,3,2346,0.500000,1.000000,1.000000,368658.000000,0.000180,0.000156,20.000000,0.000000,24.000000,0.000000,9372972,0.603527,0.603527
