dictionaryType,n,loadFactor,nHashFunctions,seed,keyPercentage,avgSuccessProbes,avgFailProbes,buildTime,successMeanTime,failMeanTime,successMaxTime,successMinTime,failMaxTime,failMinTime,falsePositives,successTheoricalValue,failTheoricalValue
DH,10000000,0.500000,3,15225,0.500000,1.000000,1.000000,795046.000000,0.001027,0.028806,143.000000,0.000000,180058.000000,0.000000,0,1.386294,2.000000
LP,10000000,0.500000,3,15225,0.500000,3.000000,3.000000,559529.000000,0.000756,0.000957,130.000000,0.000000,162.000000,0.000000,0,1.500000,2.500000
QP,10000000,0.500000,3,15225,0.500000,1.000000,1.000000,778351.000000,0.000814,1.189032,86.000000,0.000000,197.000000,0.000000,0,0.000000,0.000000
CK,10000000,0.500000,3,15225,0.500000,0.000000,0.000000,3465961.000000,0.000788,0.000897,104.000000,0.000000,106.000000,0.000000,-872744,0.000000,0.000000
SPL,10000000,0.500000,3,15225,0.500000,1.205099,1.820485,1351671.000000,0.001518,0.001422,165.000000,0.000000,110.000000,0.000000,0,1.125000,1.250000
SPV,10000000,0.500000,3,15225,0.500000,1.205099,1.820485,1607529.000000,0.001466,0.001220,133.000000,0.000000,158.000000,0.000000,0,1.125000,1.250000
BF,10000000,0.500000,3,15225,0.500000,1.000000,1.000000,371002.000000,0.000464,0.000435,104.000000,0.000000,112.000000,0.000000,9364766,0.603527,0.603527
