dictionaryType,n,loadFactor,nHashFunctions,seed,keyPercentage,avgSuccessProbes,avgFailProbes,buildTime,successMeanTime,failMeanTime,successMaxTime,successMinTime,failMaxTime,failMinTime,falsePositives,successTheoricalValue,failTheoricalValue
DH,10000000,0.200000,3,9483,0.500000,1.000000,1.000000,609125.000000,0.000380,0.000410,16.000000,0.000000,18.000000,0.000000,0,1.115718,1.250000
LP,10000000,0.200000,3,9483,0.500000,4.000000,4.000000,480780.000000,0.000365,0.000391,16.000000,0.000000,27.000000,0.000000,0,1.125000,1.281250
QP,10000000,0.200000,3,9483,0.500000,20.000000,20.000000,656761.000000,0.000491,0.000941,19.000000,0.000000,21.000000,0.000000,0,0.000000,0.000000
CK,10000000,0.200000,3,9483,0.500000,0.000000,0.000000,1663860.000000,0.000354,0.000360,23.000000,0.000000,22.000000,0.000000,-309662,0.000000,0.000000
SPL,10000000,0.200000,3,9483,0.500000,1.181024,1.723222,1498137.000000,0.000732,0.000619,26.000000,0.000000,25.000000,0.000000,0,1.020000,1.100000
SPV,10000000,0.200000,3,9483,0.500000,1.181024,1.723222,1693351.000000,0.000616,0.000428,16.000000,0.000000,19.000000,0.000000,0,1.020000,1.100000
BF,10000000,0.200000,3,9483,0.500000,1.000000,1.000000,600060.000000,0.000294,0.000258,31.000000,0.000000,27.000000,0.000000,1818919,0.203571,0.203571
