dictionaryType,n,loadFactor,nHashFunctions,seed,keyPercentage,avgSuccessProbes,avgFailProbes,buildTime,successMeanTime,failMeanTime,successMaxTime,successMinTime,failMaxTime,failMinTime,falsePositives,successTheoricalValue,failTheoricalValue
DH,10000000,0.200000,3,30579,0.500000,1.000000,1.000000,1495479.000000,0.000339,0.022704,24.000000,0.000000,447047.000000,0.000000,0,1.115718,1.250000
LP,10000000,0.200000,3,30579,0.500000,1.000000,1.000000,479833.000000,0.000429,0.000401,16.000000,0.000000,32.000000,0.000000,0,1.125000,1.281250
QP,10000000,0.200000,3,30579,0.500000,1.000000,1.000000,672957.000000,0.000372,0.000977,85.000000,0.000000,29.000000,0.000000,0,0.000000,0.000000
CK,10000000,0.200000,3,30579,0.500000,0.000000,0.000000,1642090.000000,0.000382,0.000339,16.000000,0.000000,24.000000,0.000000,-309859,0.000000,0.000000
SPL,10000000,0.200000,3,30579,0.500000,1.180423,1.723374,1462041.000000,0.000624,0.000606,16.000000,0.000000,105.000000,0.000000,0,1.020000,1.100000
SPV,10000000,0.200000,3,30579,0.500000,1.180423,1.723374,1754521.000000,0.000639,0.000422,25.000000,0.000000,20.000000,0.000000,0,1.020000,1.100000
BF,10000000,0.200000,3,30579,0.500000,1.000000,1.000000,585641.000000,0.000393,0.000233,52.000000,0.000000,27.000000,0.000000,1819670,0.203571,0.203571
