dictionaryType,n,loadFactor,nHashFunctions,seed,keyPercentage,avgSuccessProbes,avgFailProbes,buildTime,successMeanTime,failMeanTime,successMaxTime,successMinTime,failMaxTime,failMinTime,falsePositives,successTheoricalValue,failTheoricalValue
DH,10000000,0.200000,3,1510,0.500000,1.000000,1.000000,628140.000000,0.000361,0.022803,24.000000,0.000000,448068.000000,0.000000,0,1.115718,1.250000
LP,10000000,0.200000,3,1510,0.500000,2.000000,2.000000,481875.000000,0.000406,0.000376,28.000000,0.000000,24.000000,0.000000,0,1.125000,1.281250
QP,10000000,0.200000,3,1510,0.500000,1.000000,1.000000,659708.000000,0.000388,0.000924,16.000000,0.000000,31.000000,0.000000,0,0.000000,0.000000
CK,10000000,0.200000,3,1510,0.500000,0.000000,0.000000,1640642.000000,0.000396,0.000347,17.000000,0.000000,26.000000,0.000000,-309576,0.000000,0.000000
SPL,10000000,0.200000,3,1510,0.500000,1.180871,1.723291,1468137.000000,0.000602,0.000629,28.000000,0.000000,20.000000,0.000000,0,1.020000,1.100000
SPV,10000000,0.200000,3,1510,0.500000,1.180871,1.723291,1709782.000000,0.000593,0.000439,20.000000,0.000000,25.000000,0.000000,0,1.020000,1.100000
BF,10000000,0.200000,3,1510,0.500000,1.000000,1.000000,590024.000000,0.000318,0.000257,17.000000,0.000000,16.000000,0.000000,1820331,0.203571,0.203571
