dictionaryType,n,loadFactor,nHashFunctions,seed,keyPercentage,avgSuccessProbes,avgFailProbes,buildTime,successMeanTime,failMeanTime,successMaxTime,successMinTime,failMaxTime,failMinTime,falsePositives,successTheoricalValue,failTheoricalValue
DH,10000000,0.200000,3,15225,0.500000,1.000000,1.000000,609156.000000,0.000324,0.000373,20.000000,0.000000,132.000000,0.000000,0,1.115718,1.250000
LP,10000000,0.200000,3,15225,0.500000,1.000000,1.000000,478546.000000,0.000395,0.000346,16.000000,0.000000,55.000000,0.000000,0,1.125000,1.281250
QP,10000000,0.200000,3,15225,0.500000,4.000000,4.000000,657869.000000,0.000428,0.000896,164.000000,0.000000,36.000000,0.000000,0,0.000000,0.000000
CK,10000000,0.200000,3,15225,0.500000,0.000000,0.000000,1641741.000000,0.000327,0.000307,26.000000,0.000000,131.000000,0.000000,-309771,0.000000,0.000000
SPL,10000000,0.200000,3,15225,0.500000,1.180847,1.723399,1437966.000000,0.000553,0.000525,27.000000,0.000000,46.000000,0.000000,0,1.020000,1.100000
SPV,10000000,0.200000,3,15225,0.500000,1.180847,1.723399,1786639.000000,0.000556,0.000422,28.000000,0.000000,134.000000,0.000000,0,1.020000,1.100000
BF,10000000,0.200000,3,15225,0.500000,1.000000,1.000000,576599.000000,0.000351,0.000222,32.000000,0.000000,52.000000,0.000000,1821409,0.203571,0.203571
