dictionaryType,n,loadFactor,nHashFunctions,seed,keyPercentage,avgSuccessProbes,avgFailProbes,buildTime,successMeanTime,failMeanTime,successMaxTime,successMinTime,failMaxTime,failMinTime,falsePositives,successTheoricalValue,failTheoricalValue
DH,10000000,0.200000,3,7056,0.500000,1.000000,1.000000,609450.000000,0.000370,0.022730,36.000000,0.000000,446972.000000,0.000000,0,1.115718,1.250000
LP,10000000,0.200000,3,7056,0.500000,2.000000,2.000000,478326.000000,0.000359,0.000371,133.000000,0.000000,37.000000,0.000000,0,1.125000,1.281250
QP,10000000,0.200000,3,7056,0.500000,1.000000,1.000000,658280.000000,0.000343,0.000832,17.000000,0.000000,152.000000,0.000000,0,0.000000,0.000000
CK,10000000,0.200000,3,7056,0.500000,0.000000,0.000000,1644220.000000,0.000361,0.000392,58.000000,0.000000,146.000000,0.000000,-309205,0.000000,0.000000
SPL,10000000,0.200000,3,7056,0.500000,1.180991,1.723223,1630445.000000,0.000790,0.000757,30.000000,0.000000,138.000000,0.000000,0,1.020000,1.100000
SPV,10000000,0.200000,3,7056,0.500000,1.180991,1.723223,1715064.000000,0.000598,0.000481,27.000000,0.000000,33.000000,0.000000,0,1.020000,1.100000
BF,10000000,0.200000,3,7056,0.500000,1.000000,1.000000,591924.000000,0.000339,0.000262,33.000000,0.000000,29.000000,0.000000,1819746,0.203571,0.203571
