dictionaryType,n,loadFactor,nHashFunctions,seed,keyPercentage,avgSuccessProbes,avgFailProbes,buildTime,successMeanTime,failMeanTime,successMaxTime,successMinTime,failMaxTime,failMinTime,falsePositives,successTheoricalValue,failTheoricalValue
DH,10000000,0.200000,3,12859,0.500000,3.000000,3.000000,609785.000000,0.000258,0.000381,17.000000,0.000000,39.000000,0.000000,0,1.115718,1.250000
LP,10000000,0.200000,3,12859,0.500000,2.000000,2.000000,481617.000000,0.000385,0.000370,18.000000,0.000000,27.000000,0.000000,0,1.125000,1.281250
QP,10000000,0.200000,3,12859,0.500000,6.000000,6.000000,673136.000000,0.000427,0.000907,18.000000,0.000000,45.000000,0.000000,0,0.000000,0.000000
CK,10000000,0.200000,3,12859,0.500000,200.000000,200.000000,1640781.000000,0.000313,0.000303,31.000000,0.000000,27.000000,0.000000,-310151,0.000000,0.000000
SPL,10000000,0.200000,3,12859,0.500000,1.180514,1.722989,1441862.000000,0.000669,0.000543,56.000000,0.000000,133.000000,0.000000,0,1.020000,1.100000
SPV,10000000,0.200000,3,12859,0.500000,1.180514,1.722989,1718604.000000,0.000557,0.000431,28.000000,0.000000,132.000000,0.000000,0,1.020000,1.100000
BF,10000000,0.200000,3,12859,0.500000,1.000000,1.000000,574744.000000,0.000342,0.000213,37.000000,0.000000,30.000000,0.000000,1819756,0.203571,0.203571
