dictionaryType,n,loadFactor,nHashFunctions,seed,keyPercentage,avgSuccessProbes,avgFailProbes,buildTime,successMeanTime,failMeanTime,successMaxTime,successMinTime,failMaxTime,failMinTime,falsePositives,successTheoricalValue,failTheoricalValue
DH,10000000,0.200000,3,28777,0.500000,1.000000,1.000000,1051993.000000,0.000333,0.045151,16.000000,0.000000,448038.000000,0.000000,-1,1.115718,1.250000
LP,10000000,0.200000,3,28777,0.500000,1.000000,1.000000,477501.000000,0.000365,0.000415,16.000000,0.000000,20.000000,0.000000,0,1.125000,1.281250
QP,10000000,0.200000,3,28777,0.500000,1.000000,1.000000,662819.000000,0.000366,0.000974,18.000000,0.000000,36.000000,0.000000,0,0.000000,0.000000
CK,10000000,0.200000,3,28777,0.500000,0.000000,0.000000,1663599.000000,0.000330,0.000337,16.000000,0.000000,24.000000,0.000000,-309698,0.000000,0.000000
SPL,10000000,0.200000,3,28777,0.500000,1.181166,1.723730,1458628.000000,0.000754,0.000574,27.000000,0.000000,18.000000,0.000000,0,1.020000,1.100000
SPV,10000000,0.200000,3,28777,0.500000,1.181166,1.723730,1715798.000000,0.000527,0.000468,22.000000,0.000000,27.000000,0.000000,0,1.020000,1.100000
BF,10000000,0.200000,3,28777,0.500000,1.000000,1.000000,587792.000000,0.000354,0.000252,18.000000,0.000000,24.000000,0.000000,1820443,0.203571,0.203571
