dictionaryType,n,loadFactor,nHashFunctions,seed,keyPercentage,avgSuccessProbes,avgFailProbes,buildTime,successMeanTime,failMeanTime,successMaxTime,successMinTime,failMaxTime,failMinTime,falsePositives,successTheoricalValue,failTheoricalValue
DH,10000000,0.200000,3,15266,0.500000,1.000000,1.000000,1051991.000000,0.000341,0.000335,20.000000,0.000000,19.000000,0.000000,0,1.115718,1.250000
LP,10000000,0.200000,3,15266,0.500000,2.000000,2.000000,477138.000000,0.000416,0.000398,16.000000,0.000000,24.000000,0.000000,0,1.125000,1.281250
QP,10000000,0.200000,3,15266,0.500000,8.000000,8.000000,657457.000000,0.000465,0.000924,26.000000,0.000000,32.000000,0.000000,0,0.000000,0.000000
CK,10000000,0.200000,3,15266,0.500000,0.000000,0.000000,1640280.000000,0.000371,0.000325,14.000000,0.000000,20.000000,0.000000,-309582,0.000000,0.000000
SPL,10000000,0.200000,3,15266,0.500000,1.180682,1.723298,1467542.000000,0.000648,0.000607,17.000000,0.000000,85.000000,0.000000,0,1.020000,1.100000
SPV,10000000,0.200000,3,15266,0.500000,1.180682,1.723298,1743137.000000,0.000560,0.000474,16.000000,0.000000,20.000000,0.000000,0,1.020000,1.100000
BF,10000000,0.200000,3,15266,0.500000,1.000000,1.000000,572021.000000,0.000326,0.000236,20.000000,0.000000,16.000000,0.000000,1819367,0.203571,0.203571
