dictionaryType,n,loadFactor,nHashFunctions,seed,keyPercentage,avgSuccessProbes,avgFailProbes,buildTime,successMeanTime,failMeanTime,successMaxTime,successMinTime,failMaxTime,failMinTime,falsePositives,successTheoricalValue,failTheoricalValue
DH,10000000,0.200000,3,28879,0.500000,1.000000,1.000000,625470.000000,0.000334,0.000392,17.000000,0.000000,18.000000,0.000000,0,1.115718,1.250000
LP,10000000,0.200000,3,28879,0.500000,1.000000,1.000000,480997.000000,0.000422,0.000361,25.000000,0.000000,17.000000,0.000000,0,1.125000,1.281250
QP,10000000,0.200000,3,28879,0.500000,4.000000,4.000000,658861.000000,0.000414,0.001005,16.000000,0.000000,32.000000,0.000000,0,0.000000,0.000000
CK,10000000,0.200000,3,28879,0.500000,0.000000,0.000000,1640483.000000,0.000370,0.000337,20.000000,0.000000,109.000000,0.000000,-309749,0.000000,0.000000
SPL,10000000,0.200000,3,28879,0.500000,1.181230,1.723525,1464446.000000,0.000610,0.000598,24.000000,0.000000,22.000000,0.000000,0,1.020000,1.100000
SPV,10000000,0.200000,3,28879,0.500000,1.181230,1.723525,1703383.000000,0.000610,0.000409,24.000000,0.000000,20.000000,0.000000,0,1.020000,1.100000
BF,10000000,0.200000,3,28879,0.500000,1.000000,1.000000,582044.000000,0.000379,0.000252,16.000000,0.000000,21.000000,0.000000,1820162,0.203571,0.203571
