dictionaryType,n,loadFactor,nHashFunctions,seed,keyPercentage,avgSuccessProbes,avgFailProbes,buildTime,successMeanTime,failMeanTime,successMaxTime,successMinTime,failMaxTime,failMinTime,falsePositives,successTheoricalValue,failTheoricalValue
DH,10000000,0.200000,3,11139,0.500000,3.000000,3.000000,608873.000000,0.000290,0.022819,27.000000,0.000000,447379.000000,0.000000,0,1.115718,1.250000
LP,10000000,0.200000,3,11139,0.500000,1.000000,1.000000,484079.000000,0.000359,0.000365,24.000000,0.000000,21.000000,0.000000,0,1.125000,1.281250
QP,10000000,0.200000,3,11139,0.500000,4.000000,4.000000,667594.000000,0.000397,0.000900,20.000000,0.000000,30.000000,0.000000,0,0.000000,0.000000
CK,10000000,0.200000,3,11139,0.500000,200.000000,200.000000,1639952.000000,0.000352,0.000345,16.000000,0.000000,26.000000,0.000000,-309618,0.000000,0.000000
SPL,10000000,0.200000,3,11139,0.500000,1.180772,1.723491,1445552.000000,0.000695,0.000588,26.000000,0.000000,21.000000,0.000000,0,1.020000,1.100000
SPV,10000000,0.200000,3,11139,0.500000,1.180772,1.723491,1693246.000000,0.000622,0.000419,20.000000,0.000000,23.000000,0.000000,0,1.020000,1.100000
BF,10000000,0.200000,3,11139,0.500000,1.000000,1.000000,577976.000000,0.000351,0.000266,21.000000,0.000000,28.000000,0.000000,1821478,0.203571,0.203571
