dictionaryType,n,loadFactor,nHashFunctions,seed,keyPercentage,avgSuccessProbes,avgFailProbes,buildTime,successMeanTime,failMeanTime,successMaxTime,successMinTime,failMaxTime,failMinTime,falsePositives,successTheoricalValue,failTheoricalValue
DH,10000000,0.400000,3,23852,0.500000,1.000000,1.000000,710778.000000,0.000377,0.000802,36.000000,0.000000,131.000000,0.000000,0,1.277064,1.666667
LP,10000000,0.400000,3,23852,0.500000,1.000000,1.000000,508681.000000,0.000292,0.000310,27.000000,0.000000,32.000000,0.000000,0,1.333333,1.888889
QP,10000000,0.400000,3,23852,0.500000,1.000000,1.000000,619098.000000,0.000273,0.000461,27.000000,0.000000,26.000000,0.000000,0,0.000000,0.000000
CK,10000000,0.400000,3,23852,0.500000,0.000000,0.000000,2867246.000000,0.000213,0.000339,28.000000,0.000000,29.000000,0.000000,-685493,0.000000,0.000000
SPL,10000000,0.400000,3,23852,0.500000,1.196754,1.786578,1353187.000000,0.000726,0.000543,137.000000,0.000000,51.000000,0.000000,0,1.080000,1.200000
SPV,10000000,0.400000,3,23852,0.500000,1.196754,1.786578,1578055.000000,0.000523,0.000385,133.000000,0.000000,30.000000,0.000000,0,1.080000,1.200000
BF,10000000,0.400000,3,23852,0.500000,1.000000,1.000000,377522.000000,0.000142,0.000154,28.000000,0.000000,24.000000,0.000000,6804652,0.488330,0.488330
