dictionaryType,n,loadFactor,nHashFunctions,seed,keyPercentage,avgSuccessProbes,avgFailProbes,buildTime,successMeanTime,failMeanTime,successMaxTime,successMinTime,failMaxTime,failMinTime,falsePositives,successTheoricalValue,failTheoricalValue
DH,10000000,0.400000,3,28210,0.500000,6.000000,6.000000,711067.000000,0.000357,0.000783,30.000000,0.000000,138.000000,0.000000,0,1.277064,1.666667
LP,10000000,0.400000,3,28210,0.500000,1.000000,1.000000,506327.000000,0.000209,0.000327,16.000000,0.000000,31.000000,0.000000,0,1.333333,1.888889
QP,10000000,0.400000,3,28210,0.500000,8.000000,8.000000,620377.000000,0.000278,0.000468,32.000000,0.000000,36.000000,0.000000,0,0.000000,0.000000
CK,10000000,0.400000,3,28210,0.500000,200.000000,200.000000,2861674.000000,0.000225,0.000324,137.000000,0.000000,35.000000,0.000000,-683347,0.000000,0.000000
SPL,10000000,0.400000,3,28210,0.500000,1.196224,1.786384,1343841.000000,0.000545,0.000487,27.000000,0.000000,31.000000,0.000000,0,1.080000,1.200000
SPV,10000000,0.400000,3,28210,0.500000,1.196224,1.786384,1583084.000000,0.000457,0.000374,28.000000,0.000000,27.000000,0.000000,0,1.080000,1.200000
BF,10000000,0.400000,3,28210,0.500000,1.000000,1.000000,405159.000000,0.000145,0.000160,31.000000,0.000000,18.000000,0.000000,6809125,0.488330,0.488330
