dictionaryType,n,loadFactor,nHashFunctions,seed,keyPercentage,avgSuccessProbes,avgFailProbes,buildTime,successMeanTime,failMeanTime,successMaxTime,successMinTime,failMaxTime,failMinTime,falsePositives,successTheoricalValue,failTheoricalValue
DH,10000000,0.400000,3,19963,0.500000,2.000000,2.000000,932700.000000,0.000376,0.023124,17.000000,0.000000,223530.000000,0.000000,0,1.277064,1.666667
LP,10000000,0.400000,3,19963,0.500000,3.000000,3.000000,507582.000000,0.000169,0.000325,16.000000,0.000000,31.000000,0.000000,0,1.333333,1.888889
QP,10000000,0.400000,3,19963,0.500000,3.000000,3.000000,621499.000000,0.000293,0.000502,26.000000,0.000000,134.000000,0.000000,0,0.000000,0.000000
CK,10000000,0.400000,3,19963,0.500000,200.000000,200.000000,2865735.000000,0.000280,0.000336,26.000000,0.000000,122.000000,0.000000,-685316,0.000000,0.000000
SPL,10000000,0.400000,3,19963,0.500000,1.196258,1.786045,1337747.000000,0.000557,0.000505,35.000000,0.000000,130.000000,0.000000,0,1.080000,1.200000
SPV,10000000,0.400000,3,19963,0.500000,1.196258,1.786045,1581895.000000,0.000533,0.000396,27.000000,0.000000,164.000000,0.000000,0,1.080000,1.200000
BF,10000000,0.400000,3,19963,0.500000,1.000000,1.000000,378287.000000,0.000147,0.000142,20.000000,0.000000,21.000000,0.000000,6816227,0.488330,0.488330
