dictionaryType,n,loadFactor,nHashFunctions,seed,keyPercentage,avgSuccessProbes,avgFailProbes,buildTime,successMeanTime,failMeanTime,successMaxTime,successMinTime,failMaxTime,failMinTime,falsePositives,successTheoricalValue,failTheoricalValue
DH,10000000,0.400000,3,9892,0.500000,1.000000,1.000000,711652.000000,0.000258,0.000813,28.000000,0.000000,140.000000,0.000000,0,1.277064,1.666667
LP,10000000,0.400000,3,9892,0.500000,2.000000,2.000000,505646.000000,0.000352,0.000299,27.000000,0.000000,37.000000,0.000000,0,1.333333,1.888889
QP,10000000,0.400000,3,9892,0.500000,1.000000,1.000000,620666.000000,0.000211,0.000456,16.000000,0.000000,174.000000,0.000000,0,0.000000,0.000000
CK,10000000,0.400000,3,9892,0.500000,0.000000,0.000000,2862731.000000,0.000264,0.000350,17.000000,0.000000,57.000000,0.000000,-683255,0.000000,0.000000
SPL,10000000,0.400000,3,9892,0.500000,1.196402,1.786129,1343004.000000,0.000526,0.000553,46.000000,0.000000,133.000000,0.000000,0,1.080000,1.200000
SPV,10000000,0.400000,3,9892,0.500000,1.196402,1.786129,1583018.000000,0.000695,0.000454,58.000000,0.000000,151.000000,0.000000,0,1.080000,1.200000
BF,10000000,0.400000,3,9892,0.500000,1.000000,1.000000,395469.000000,0.000179,0.000130,45.000000,0.000000,34.000000,0.000000,6811504,0.488330,0.488330
