dictionaryType,n,loadFactor,nHashFunctions,seed,keyPercentage,avgSuccessProbes,avgFailProbes,buildTime,successMeanTime,failMeanTime,successMaxTime,successMinTime,failMaxTime,failMinTime,falsePositives,successTheoricalValue,failTheoricalValue
DH,10000000,0.400000,3,1510,0.500000,1.000000,1.000000,712410.000000,0.000266,0.023189,29.000000,0.000000,224409.000000,0.000000,0,1.277064,1.666667
LP,10000000,0.400000,3,1510,0.500000,2.000000,2.000000,508286.000000,0.000260,0.000309,26.000000,0.000000,43.000000,0.000000,0,1.333333,1.888889
QP,10000000,0.400000,3,1510,0.500000,1.000000,1.000000,624236.000000,0.000366,0.000453,16.000000,0.000000,146.000000,0.000000,0,0.000000,0.000000
CK,10000000,0.400000,3,1510,0.500000,0.000000,0.000000,2883956.000000,0.000266,0.000340,20.000000,0.000000,143.000000,0.000000,-685379,0.000000,0.000000
SPL,10000000,0.400000,3,1510,0.500000,1.196468,1.786161,1345411.000000,0.000559,0.000535,27.000000,0.000000,38.000000,0.000000,0,1.080000,1.200000
SPV,10000000,0.400000,3,1510,0.500000,1.196468,1.786161,1578700.000000,0.000493,0.000409,29.000000,0.000000,167.000000,0.000000,0,1.080000,1.200000
BF,10000000,0.400000,3,1510,0.500000,1.000000,1.000000,403594.000000,0.000146,0.000139,37.000000,0.000000,18.000000,0.000000,6816114,0.488330,0.488330
