dictionaryType,n,loadFactor,nHashFunctions,seed,keyPercentage,avgSuccessProbes,avgFailProbes,buildTime,successMeanTime,failMeanTime,successMaxTime,successMinTime,failMaxTime,failMinTime,falsePositives,successTheoricalValue,failTheoricalValue
DH,10000000,0.800000,3,23329,0.500000,2.000000,2.000000,1064557.000000,0.000625,0.038300,26.000000,0.000000,118012.000000,0.000000,0,2.011798,5.000000
LP,10000000,0.800000,3,23329,0.500000,31.000000,31.000000,768186.000000,0.001896,0.001998,15.000000,0.000000,24.000000,0.000000,0,3.000000,13.000001
QP,10000000,0.800000,3,23329,0.500000,29.000000,29.000000,788279.000000,0.000311,0.000763,13.000000,0.000000,100.000000,0.000000,0,0.000000,0.000000
CK,10000000,0.800000,3,23329,0.500000,200.000000,200.000000,5044047.000000,0.000266,0.000356,13.000000,0.000000,21.000000,0.000000,-1389167,0.000000,0.000000
SPL,10000000,0.800000,3,23329,0.500000,1.252946,2.011929,1326833.000000,0.000730,0.000710,26.000000,0.000000,24.000000,0.000000,0,1.320000,1.400000
SPV,10000000,0.800000,3,23329,0.500000,1.252946,2.011929,1614132.000000,0.000675,0.000505,60.000000,0.000000,21.000000,0.000000,0,1.320000,1.400000
BF,10000000,0.800000,3,23329,0.500000,1.000000,1.000000,360351.000000,0.000192,0.000189,20.000000,0.000000,17.000000,0.000000,15021149,0.826794,0.826794
