dictionaryType,n,loadFactor,nHashFunctions,seed,keyPercentage,avgSuccessProbes,avgFailProbes,buildTime,successMeanTime,failMeanTime,successMaxTime,successMinTime,failMaxTime,failMinTime,falsePositives,successTheoricalValue,failTheoricalValue
DH,10000000,0.800000,3,23035,0.500000,10.000000,10.000000,1269584.000000,0.010206,0.033260,322.000000,0.000000,122810.000000,0.000000,0,2.011798,5.000000
LP,10000000,0.800000,3,23035,0.500000,25.000000,25.000000,816372.000000,0.002553,0.012144,119.000000,0.000000,217.000000,0.000000,0,3.000000,13.000001
QP,10000000,0.800000,3,23035,0.500000,8.000000,8.000000,847593.000000,0.005365,0.012175,91.000000,0.000000,297.000000,0.000000,0,0.000000,0.000000
CK,10000000,0.800000,3,23035,0.500000,200.000000,200.000000,5139836.000000,0.004583,0.004787,57.000000,0.000000,143.000000,0.000000,-1390586,0.000000,0.000000
SPL,10000000,0.800000,3,23035,0.500000,1.252909,2.011396,1372465.000000,0.004494,0.014549,25.000000,0.000000,185.000000,0.000000,0,1.320000,1.400000
SPV,10000000,0.800000,3,23035,0.500000,1.252909,2.011396,1753373.000000,0.007224,0.009868,29.000000,0.000000,222.000000,0.000000,0,1.320000,1.400000
BF,10000000,0.800000,3,23035,0.500000,1.000000,1.000000,404784.000000,0.004251,0.003877,90.000000,0.000000,89.000000,0.000000,15029904,0.826794,0.826794
