dictionaryType,n,loadFactor,nHashFunctions,seed,keyPercentage,avgSuccessProbes,avgFailProbes,buildTime,successMeanTime,failMeanTime,successMaxTime,successMinTime,failMaxTime,failMinTime,falsePositives,successTheoricalValue,failTheoricalValue
DH,10000000,0.800000,3,31577,0.500000,2.000000,2.000000,1054769.000000,0.000499,0.009199,16.000000,0.000000,111860.000000,0.000000,0,2.011798,5.000000
LP,10000000,0.800000,3,31577,0.500000,8.000000,8.000000,753870.000000,0.000343,0.001895,16.000000,0.000000,34.000000,0.000000,0,3.000000,13.000001
QP,10000000,0.800000,3,31577,0.500000,1.000000,1.000000,787338.000000,0.000323,0.000958,16.000000,0.000000,28.000000,0.000000,0,0.000000,0.000000
CK,10000000,0.800000,3,31577,0.500000,0.000000,0.000000,5039369.000000,0.000295,0.000324,16.000000,0.000000,30.000000,0.000000,-1389870,0.000000,0.000000
SPL,10000000,0.800000,3,31577,0.500000,1.253047,2.011851,1327435.000000,0.000662,0.000737,17.000000,0.000000,26.000000,0.000000,0,1.320000,1.400000
SPV,10000000,0.800000,3,31577,0.500000,1.253047,2.011851,1622813.000000,0.000650,0.000516,16.000000,0.000000,19.000000,0.000000,0,1.320000,1.400000
BF,10000000,0.800000,3,31577,0.500000,1.000000,1.000000,360677.000000,0.000186,0.000155,16.000000,0.000000,12.000000,0.000000,15036994,0.826794,0.826794
