dictionaryType,n,loadFactor,nHashFunctions,seed,keyPercentage,avgSuccessProbes,avgFailProbes,buildTime,successMeanTime,failMeanTime,successMaxTime,successMinTime,failMaxTime,failMinTime,falsePositives,successTheoricalValue,failTheoricalValue
DH,10000000,0.800000,3,11890,0.500000,4.000000,4.000000,1179187.000000,0.001434,0.005203,106.000000,0.000000,120.000000,0.000000,0,2.011798,5.000000
LP,10000000,0.800000,3,11890,0.500000,13.000000,13.000000,759566.000000,0.001060,0.003168,104.000000,0.000000,141.000000,0.000000,0,3.000000,13.000001
QP,10000000,0.800000,3,11890,0.500000,4.000000,4.000000,791543.000000,0.001257,0.002051,118.000000,0.000000,111.000000,0.000000,0,0.000000,0.000000
CK,10000000,0.800000,3,11890,0.500000,0.000000,0.000000,5073288.000000,0.001087,0.001164,104.000000,0.000000,130.000000,0.000000,-1389464,0.000000,0.000000
SPL,10000000,0.800000,3,11890,0.500000,1.252923,2.011899,1347533.000000,0.001807,0.001898,109.000000,0.000000,107.000000,0.000000,0,1.320000,1.400000
SPV,10000000,0.800000,3,11890,0.500000,1.252923,2.011899,1639722.000000,0.001720,0.001596,107.000000,0.000000,110.000000,0.000000,0,1.320000,1.400000
BF,10000000,0.800000,3,11890,0.500000,1.000000,1.000000,366020.000000,0.000625,0.000508,103.000000,0.000000,101.000000,0.000000,15031030,0.826794,0.826794
