dictionaryType,n,loadFactor,nHashFunctions,seed,keyPercentage,avgSuccessProbes,avgFailProbes,buildTime,successMeanTime,failMeanTime,successMaxTime,successMinTime,failMaxTime,failMinTime,falsePositives,successTheoricalValue,failTheoricalValue
DH,10000000,0.800000,3,2225,0.500000,5.000000,5.000000,1276682.000000,0.000434,0.009342,16.000000,0.000000,111817.000000,0.000000,0,2.011798,5.000000
LP,10000000,0.800000,3,2225,0.500000,16.000000,16.000000,754217.000000,0.000333,0.001795,16.000000,0.000000,28.000000,0.000000,0,3.000000,13.000001
QP,10000000,0.800000,3,2225,0.500000,9.000000,9.000000,785646.000000,0.000362,0.001779,14.000000,0.000000,31.000000,0.000000,0,0.000000,0.000000
CK,10000000,0.800000,3,2225,0.500000,200.000000,200.000000,5046943.000000,0.000205,0.000296,14.000000,0.000000,16.000000,0.000000,-1389232,0.000000,0.000000
SPL,10000000,0.800000,3,2225,0.500000,1.253447,2.011818,1329890.000000,0.000650,0.000736,37.000000,0.000000,20.000000,0.000000,0,1.320000,1.400000
SPV,10000000,0.800000,3,2225,0.500000,1.253447,2.011818,1611447.000000,0.000599,0.000578,21.000000,0.000000,104.000000,0.000000,0,1.320000,1.400000
BF,10000000,0.800000,3,2225,0.500000,1.000000,1.000000,360993.000000,0.000170,0.000168,16.000000,0.000000,16.000000,0.000000,15026113,0.826794,0.826794
