dictionaryType,n,loadFactor,nHashFunctions,seed,keyPercentage,avgSuccessProbes,avgFailProbes,buildTime,successMeanTime,failMeanTime,successMaxTime,successMinTime,failMaxTime,failMinTime,falsePositives,successTheoricalValue,failTheoricalValue
DH,10000000,0.800000,3,11052,0.500000,9.000000,9.000000,1054389.000000,0.000454,0.009135,33.000000,0.000000,112278.000000,0.000000,0,2.011798,5.000000
LP,10000000,0.800000,3,11052,0.500000,4.000000,4.000000,757101.000000,0.000290,0.001959,14.000000,0.000000,31.000000,0.000000,0,3.000000,13.000001
QP,10000000,0.800000,3,11052,0.500000,3.000000,3.000000,782369.000000,0.000397,0.000778,16.000000,0.000000,39.000000,0.000000,0,0.000000,0.000000
CK,10000000,0.800000,3,11052,0.500000,0.000000,0.000000,5039634.000000,0.000294,0.000400,10.000000,0.000000,17.000000,0.000000,-1389961,0.000000,0.000000
SPL,10000000,0.800000,3,11052,0.500000,1.253168,2.011558,1326989.000000,0.000571,0.000686,16.000000,0.000000,17.000000,0.000000,0,1.320000,1.400000
SPV,10000000,0.800000,3,11052,0.500000,1.253168,2.011558,1614280.000000,0.000555,0.000488,21.000000,0.000000,22.000000,0.000000,0,1.320000,1.400000
BF,10000000,0.800000,3,11052,0.500000,1.000000,1.000000,360476.000000,0.000159,0.000144,43.000000,0.000000,16.000000,0.000000,15034199,0.826794,0.826794
