dictionaryType,n,loadFactor,nHashFunctions,seed,keyPercentage,avgSuccessProbes,avgFailProbes,buildTime,successMeanTime,failMeanTime,successMaxTime,successMinTime,failMaxTime,failMinTime,falsePositives,successTheoricalValue,failTheoricalValue
DH,10000000,0.800000,3,21540,0.500000,11.000000,11.000000,1053335.000000,0.000346,0.014798,13.000000,0.000000,112450.000000,0.000000,0,2.011798,5.000000
LP,10000000,0.800000,3,21540,0.500000,6.000000,6.000000,755422.000000,0.000252,0.001995,14.000000,0.000000,31.000000,0.000000,0,3.000000,13.000001
QP,10000000,0.800000,3,21540,0.500000,15.000000,15.000000,790448.000000,0.000315,0.000754,12.000000,0.000000,24.000000,0.000000,0,0.000000,0.000000
CK,10000000,0.800000,3,21540,0.500000,200.000000,200.000000,5035994.000000,0.000314,0.000324,21.000000,0.000000,26.000000,0.000000,-1391027,0.000000,0.000000
SPL,10000000,0.800000,3,21540,0.500000,1.252994,2.011761,1332975.000000,0.000567,0.000699,13.000000,0.000000,141.000000,0.000000,0,1.320000,1.400000
SPV,10000000,0.800000,3,21540,0.500000,1.252994,2.011761,1608474.000000,0.000598,0.000442,16.000000,0.000000,26.000000,0.000000,0,1.320000,1.400000
BF,10000000,0.800000,3,21540,0.500000,1.000000,1.000000,361115.000000,0.000152,0.000150,25.000000,0.000000,21.000000,0.000000,15035464,0.826794,0.826794
