dictionaryType,n,loadFactor,nHashFunctions,seed,keyPercentage,avgSuccessProbes,avgFailProbes,buildTime,successMeanTime,failMeanTime,successMaxTime,successMinTime,failMaxTime,failMinTime,falsePositives,successTheoricalValue,failTheoricalValue
DH,10000000,0.800000,3,25175,0.500000,3.000000,3.000000,1161589.000000,0.000505,0.003520,17.000000,0.000000,100.000000,0.000000,0,2.011798,5.000000
LP,10000000,0.800000,3,25175,0.500000,2.000000,2.000000,756019.000000,0.000324,0.001964,16.000000,0.000000,16.000000,0.000000,0,3.000000,13.000001
QP,10000000,0.800000,3,25175,0.500000,3.000000,3.000000,784856.000000,0.000272,0.000886,13.000000,0.000000,33.000000,0.000000,0,0.000000,0.000000
CK,10000000,0.800000,3,25175,0.500000,200.000000,200.000000,5034285.000000,0.000282,0.000359,19.000000,0.000000,17.000000,0.000000,-1389314,0.000000,0.000000
SPL,10000000,0.800000,3,25175,0.500000,1.252360,2.011623,1328796.000000,0.000578,0.000644,16.000000,0.000000,33.000000,0.000000,0,1.320000,1.400000
SPV,10000000,0.800000,3,25175,0.500000,1.252360,2.011623,1612774.000000,0.000538,0.000424,17.000000,0.000000,20.000000,0.000000,0,1.320000,1.400000
BF,10000000,0.800000,3,25175,0.500000,1.000000,1.000000,361350.000000,0.000149,0.000161,15.000000,0.000000,17.000000,0.000000,15032717,0.826794,0.826794
