dictionaryType,n,loadFactor,nHashFunctions,seed,keyPercentage,avgSuccessProbes,avgFailProbes,buildTime,successMeanTime,failMeanTime,successMaxTime,successMinTime,failMaxTime,failMinTime,falsePositives,successTheoricalValue,failTheoricalValue
DH,10000000,0.100000,3,9618,0.500000,1.000000,1.000000,564742.000000,0.000117,0.000211,12.000000,0.000000,33.000000,0.000000,0,1.053606,1.111111
LP,10000000,0.100000,3,9618,0.500000,2.000000,2.000000,477969.000000,0.000216,0.000206,27.000000,0.000000,134.000000,0.000000,0,1.055556,1.117284
QP,10000000,0.100000,3,9618,0.500000,1.000000,1.000000,688763.000000,0.000205,0.000843,16.000000,0.000000,142.000000,0.000000,0,0.000000,0.000000
CK,10000000,0.100000,3,9618,0.500000,0.000000,0.000000,435571.000000,0.000180,0.000224,16.000000,0.000000,43.000000,0.000000,0,0.000000,0.000000
SPL,10000000,0.100000,3,9618,0.500000,1.176422,1.706996,1673048.000000,0.000474,0.000458,139.000000,0.000000,49.000000,0.000000,0,1.005000,1.050000
SPV,10000000,0.100000,3,9618,0.500000,1.176422,1.706996,1928447.000000,0.000416,0.000295,27.000000,0.000000,47.000000,0.000000,0,1.005000,1.050000
BF,10000000,0.100000,3,9618,0.500000,1.000000,1.000000,914227.000000,0.000252,0.000184,20.000000,0.000000,132.000000,0.000000,372421,0.067175,0.067175
