dictionaryType,n,loadFactor,nHashFunctions,seed,keyPercentage,avgSuccessProbes,avgFailProbes,buildTime,successMeanTime,failMeanTime,successMaxTime,successMinTime,failMaxTime,failMinTime,falsePositives,successTheoricalValue,failTheoricalValue
DH,10000000,0.100000,3,28075,0.500000,2.000000,2.000000,565112.000000,0.000747,0.000583,28.000000,0.000000,38.000000,0.000000,0,1.053606,1.111111
LP,10000000,0.100000,3,28075,0.500000,2.000000,2.000000,480170.000000,0.000516,0.000974,95.000000,0.000000,37.000000,0.000000,0,1.055556,1.117284
QP,10000000,0.100000,3,28075,0.500000,10.000000,10.000000,694352.000000,0.000946,0.001848,50.000000,0.000000,134.000000,0.000000,0,0.000000,0.000000
CK,10000000,0.100000,3,28075,0.500000,1.000000,1.000000,444412.000000,0.000878,0.000983,28.000000,0.000000,152.000000,0.000000,0,0.000000,0.000000
SPL,10000000,0.100000,3,28075,0.500000,1.176608,1.706898,1749953.000000,0.000689,0.001923,29.000000,0.000000,156.000000,0.000000,0,1.005000,1.050000
SPV,10000000,0.100000,3,28075,0.500000,1.176608,1.706898,1980778.000000,0.004687,0.008348,88.000000,0.000000,53.000000,0.000000,0,1.005000,1.050000
BF,10000000,0.100000,3,28075,0.500000,1.000000,1.000000,946350.000000,0.002879,0.004355,27.000000,0.000000,151.000000,0.000000,371229,0.067175,0.067175
