dictionaryType,n,loadFactor,nHashFunctions,seed,keyPercentage,avgSuccessProbes,avgFailProbes,buildTime,successMeanTime,failMeanTime,successMaxTime,successMinTime,failMaxTime,failMinTime,falsePositives,successTheoricalValue,failTheoricalValue
DH,10000000,0.100000,3,6670,0.500000,1.000000,1.000000,555251.000000,0.000586,0.000608,16.000000,0.000000,27.000000,0.000000,0,1.053606,1.111111
LP,10000000,0.100000,3,6670,0.500000,2.000000,2.000000,483557.000000,0.000715,0.000497,16.000000,0.000000,134.000000,0.000000,0,1.055556,1.117284
QP,10000000,0.100000,3,6670,0.500000,1.000000,1.000000,699207.000000,0.000878,0.001671,62.000000,0.000000,134.000000,0.000000,0,0.000000,0.000000
CK,10000000,0.100000,3,6670,0.500000,0.000000,0.000000,421882.000000,0.000860,0.000676,20.000000,0.000000,47.000000,0.000000,0,0.000000,0.000000
SPL,10000000,0.100000,3,6670,0.500000,1.176801,1.706699,1720410.000000,0.002501,0.003055,29.000000,0.000000,65.000000,0.000000,0,1.005000,1.050000
SPV,10000000,0.100000,3,6670,0.500000,1.176801,1.706699,2044020.000000,0.005902,0.000868,29.000000,0.000000,91.000000,0.000000,0,1.005000,1.050000
BF,10000000,0.100000,3,6670,0.500000,1.000000,1.000000,924166.000000,0.000783,0.000769,19.000000,0.000000,31.000000,0.000000,370686,0.067175,0.067175
