dictionaryType,n,loadFactor,nHashFunctions,seed,keyPercentage,avgSuccessProbes,avgFailProbes,buildTime,successMeanTime,failMeanTime,successMaxTime,successMinTime,failMaxTime,failMinTime,falsePositives,successTheoricalValue,failTheoricalValue
DH,10000000,0.100000,3,12859,0.500000,2.000000,2.000000,570573.000000,0.000858,0.000919,105.000000,0.000000,105.000000,0.000000,0,1.053606,1.111111
LP,10000000,0.100000,3,12859,0.500000,2.000000,2.000000,485091.000000,0.000889,0.000926,105.000000,0.000000,105.000000,0.000000,0,1.055556,1.117284
QP,10000000,0.100000,3,12859,0.500000,6.000000,6.000000,708677.000000,0.000898,0.001818,104.000000,0.000000,109.000000,0.000000,0,0.000000,0.000000
CK,10000000,0.100000,3,12859,0.500000,1.000000,1.000000,429741.000000,0.000730,0.000909,105.000000,0.000000,127.000000,0.000000,0,0.000000,0.000000
SPL,10000000,0.100000,3,12859,0.500000,1.176416,1.706542,1680699.000000,0.000606,0.000642,15.000000,0.000000,24.000000,0.000000,0,1.005000,1.050000
SPV,10000000,0.100000,3,12859,0.500000,1.176416,1.706542,1973700.000000,0.000647,0.000379,28.000000,0.000000,26.000000,0.000000,0,1.005000,1.050000
BF,10000000,0.100000,3,12859,0.500000,1.000000,1.000000,920618.000000,0.000293,0.000306,20.000000,0.000000,21.000000,0.000000,371573,0.067175,0.067175
