dictionaryType,n,loadFactor,nHashFunctions,seed,keyPercentage,avgSuccessProbes,avgFailProbes,buildTime,successMeanTime,failMeanTime,successMaxTime,successMinTime,failMaxTime,failMinTime,falsePositives,successTheoricalValue,failTheoricalValue
DH,10000000,0.100000,3,29482,0.500000,1.000000,1.000000,551540.000000,0.000200,0.000214,21.000000,0.000000,133.000000,0.000000,0,1.053606,1.111111
LP,10000000,0.100000,3,29482,0.500000,1.000000,1.000000,489775.000000,0.000209,0.000195,39.000000,0.000000,31.000000,0.000000,0,1.055556,1.117284
QP,10000000,0.100000,3,29482,0.500000,1.000000,1.000000,690486.000000,0.000159,0.000899,21.000000,0.000000,35.000000,0.000000,0,0.000000,0.000000
CK,10000000,0.100000,3,29482,0.500000,0.000000,0.000000,424670.000000,0.000204,0.000181,37.000000,0.000000,28.000000,0.000000,0,0.000000,0.000000
SPL,10000000,0.100000,3,29482,0.500000,1.176595,1.706967,1679655.000000,0.000426,0.000455,28.000000,0.000000,146.000000,0.000000,0,1.005000,1.050000
SPV,10000000,0.100000,3,29482,0.500000,1.176595,1.706967,1937496.000000,0.000437,0.000327,28.000000,0.000000,33.000000,0.000000,0,1.005000,1.050000
BF,10000000,0.100000,3,29482,0.500000,1.000000,1.000000,918561.000000,0.000252,0.000180,17.000000,0.000000,131.000000,0.000000,372449,0.067175,0.067175
