dictionaryType,n,loadFactor,nHashFunctions,seed,keyPercentage,avgSuccessProbes,avgFailProbes,buildTime,successMeanTime,failMeanTime,successMaxTime,successMinTime,failMaxTime,failMinTime,falsePositives,successTheoricalValue,failTheoricalValue
DH,10000000,0.100000,3,19091,0.500000,1.000000,1.000000,564476.000000,0.000238,0.000217,27.000000,0.000000,27.000000,0.000000,0,1.053606,1.111111
LP,10000000,0.100000,3,19091,0.500000,1.000000,1.000000,477712.000000,0.000191,0.000209,21.000000,0.000000,132.000000,0.000000,0,1.055556,1.117284
QP,10000000,0.100000,3,19091,0.500000,20.000000,20.000000,698713.000000,0.000229,0.000913,27.000000,0.000000,139.000000,0.000000,0,0.000000,0.000000
CK,10000000,0.100000,3,19091,0.500000,0.000000,0.000000,423124.000000,0.000130,0.000221,26.000000,0.000000,33.000000,0.000000,0,0.000000,0.000000
SPL,10000000,0.100000,3,19091,0.500000,1.176531,1.706542,1664532.000000,0.000506,0.000455,57.000000,0.000000,46.000000,0.000000,0,1.005000,1.050000
SPV,10000000,0.100000,3,19091,0.500000,1.176531,1.706542,1962928.000000,0.000413,0.000324,27.000000,0.000000,133.000000,0.000000,0,1.005000,1.050000
BF,10000000,0.100000,3,19091,0.500000,1.000000,1.000000,916468.000000,0.000161,0.000189,28.000000,0.000000,35.000000,0.000000,370777,0.067175,0.067175
