dictionaryType,n,loadFactor,nHashFunctions,seed,keyPercentage,avgSuccessProbes,avgFailProbes,buildTime,successMeanTime,failMeanTime,successMaxTime,successMinTime,failMaxTime,failMinTime,falsePositives,successTheoricalValue,failTheoricalValue
DH,10000000,0.100000,3,24184,0.500000,1.000000,1.000000,563630.000000,0.000211,0.000210,26.000000,0.000000,31.000000,0.000000,0,1.053606,1.111111
LP,10000000,0.100000,3,24184,0.500000,1.000000,1.000000,478855.000000,0.000161,0.000228,27.000000,0.000000,31.000000,0.000000,0,1.055556,1.117284
QP,10000000,0.100000,3,24184,0.500000,6.000000,6.000000,692289.000000,0.000195,0.000876,26.000000,0.000000,138.000000,0.000000,0,0.000000,0.000000
CK,10000000,0.100000,3,24184,0.500000,0.000000,0.000000,435657.000000,0.000214,0.000209,17.000000,0.000000,37.000000,0.000000,0,0.000000,0.000000
SPL,10000000,0.100000,3,24184,0.500000,1.176703,1.706738,1683386.000000,0.000431,0.000452,28.000000,0.000000,32.000000,0.000000,0,1.005000,1.050000
SPV,10000000,0.100000,3,24184,0.500000,1.176703,1.706738,1939060.000000,0.000426,0.000298,28.000000,0.000000,32.000000,0.000000,0,1.005000,1.050000
BF,10000000,0.100000,3,24184,0.500000,1.000000,1.000000,915551.000000,0.000284,0.000165,27.000000,0.000000,28.000000,0.000000,371585,0.067175,0.067175
