dictionaryType,n,loadFactor,nHashFunctions,seed,keyPercentage,avgSuccessProbes,avgFailProbes,buildTime,successMeanTime,failMeanTime,successMaxTime,successMinTime,failMaxTime,failMinTime,falsePositives,successTheoricalValue,failTheoricalValue
DH,10000000,0.100000,3,32090,0.500000,1.000000,1.000000,555391.000000,0.000170,0.000238,26.000000,0.000000,62.000000,0.000000,0,1.053606,1.111111
LP,10000000,0.100000,3,32090,0.500000,1.000000,1.000000,487881.000000,0.000328,0.000215,28.000000,0.000000,133.000000,0.000000,0,1.055556,1.117284
QP,10000000,0.100000,3,32090,0.500000,1.000000,1.000000,686657.000000,0.000298,0.000856,28.000000,0.000000,153.000000,0.000000,0,0.000000,0.000000
CK,10000000,0.100000,3,32090,0.500000,0.000000,0.000000,437940.000000,0.000172,0.000213,26.000000,0.000000,69.000000,0.000000,0,0.000000,0.000000
SPL,10000000,0.100000,3,32090,0.500000,1.176472,1.706971,1678467.000000,0.000471,0.000451,135.000000,0.000000,32.000000,0.000000,0,1.005000,1.050000
SPV,10000000,0.100000,3,32090,0.500000,1.176472,1.706971,1949984.000000,0.000414,0.000296,27.000000,0.000000,32.000000,0.000000,0,1.005000,1.050000
BF,10000000,0.100000,3,32090,0.500000,1.000000,1.000000,914094.000000,0.000278,0.000198,33.000000,0.000000,32.000000,0.000000,371826,0.067175,0.067175
