dictionaryType,n,loadFactor,nHashFunctions,seed,keyPercentage,avgSuccessProbes,avgFailProbes,buildTime,successMeanTime,failMeanTime,successMaxTime,successMinTime,failMaxTime,failMinTime,falsePositives,successTheoricalValue,failTheoricalValue
DH,10000000,0.100000,3,23035,0.500000,1.000000,1.000000,589417.000000,0.000900,0.000817,95.000000,0.000000,95.000000,0.000000,0,1.053606,1.111111
LP,10000000,0.100000,3,23035,0.500000,1.000000,1.000000,483885.000000,0.000857,0.000859,381.000000,0.000000,120.000000,0.000000,0,1.055556,1.117284
QP,10000000,0.100000,3,23035,0.500000,10.000000,10.000000,698800.000000,0.000988,0.002016,291.000000,0.000000,247.000000,0.000000,0,0.000000,0.000000
CK,10000000,0.100000,3,23035,0.500000,0.000000,0.000000,442159.000000,0.000931,0.000933,229.000000,0.000000,107.000000,0.000000,0,0.000000,0.000000
SPL,10000000,0.100000,3,23035,0.500000,1.176492,1.706713,1728411.000000,0.002129,0.001356,109.000000,0.000000,106.000000,0.000000,0,1.005000,1.050000
SPV,10000000,0.100000,3,23035,0.500000,1.176492,1.706713,1981455.000000,0.001529,0.001253,109.000000,0.000000,108.000000,0.000000,0,1.005000,1.050000
BF,10000000,0.100000,3,23035,0.500000,1.000000,1.000000,926324.000000,0.001127,0.000827,118.000000,0.000000,107.000000,0.000000,371389,0.067175,0.067175
