dictionaryType,n,loadFactor,nHashFunctions,seed,keyPercentage,avgSuccessProbes,avgFailProbes,buildTime,successMeanTime,failMeanTime,successMaxTime,successMinTime,failMaxTime,failMinTime,falsePositives,successTheoricalValue,failTheoricalValue
DH,10000000,0.100000,3,20545,0.500000,1.000000,1.000000,555586.000000,0.000354,0.000302,19.000000,0.000000,31.000000,0.000000,0,1.053606,1.111111
LP,10000000,0.100000,3,20545,0.500000,1.000000,1.000000,488034.000000,0.000681,0.000714,136.000000,0.000000,39.000000,0.000000,0,1.055556,1.117284
QP,10000000,0.100000,3,20545,0.500000,1.000000,1.000000,687270.000000,0.000616,0.001689,16.000000,0.000000,137.000000,0.000000,0,0.000000,0.000000
CK,10000000,0.100000,3,20545,0.500000,0.000000,0.000000,438516.000000,0.001981,0.005475,27.000000,0.000000,85.000000,0.000000,0,0.000000,0.000000
SPL,10000000,0.100000,3,20545,0.500000,1.176861,1.706744,1778327.000000,0.002448,0.008018,33.000000,0.000000,126.000000,0.000000,0,1.005000,1.050000
SPV,10000000,0.100000,3,20545,0.500000,1.176861,1.706744,2163036.000000,0.009258,0.014061,53.000000,0.000000,11350.000000,0.000000,0,1.005000,1.050000
BF,10000000,0.100000,3,20545,0.500000,1.000000,1.000000,1034619.000000,0.006502,0.003481,214.000000,0.000000,511.000000,0.000000,371875,0.067175,0.067175
