dictionaryType,n,loadFactor,nHashFunctions,seed,keyPercentage,avgSuccessProbes,avgFailProbes,buildTime,successMeanTime,failMeanTime,successMaxTime,successMinTime,failMaxTime,failMinTime,falsePositives,successTheoricalValue,failTheoricalValue
DH,10000000,0.100000,3,2544,0.500000,1.000000,1.000000,568164.000000,0.000276,0.000224,17.000000,0.000000,72.000000,0.000000,0,1.053606,1.111111
LP,10000000,0.100000,3,2544,0.500000,2.000000,2.000000,476696.000000,0.000203,0.000230,32.000000,0.000000,135.000000,0.000000,0,1.055556,1.117284
QP,10000000,0.100000,3,2544,0.500000,4.000000,4.000000,687737.000000,0.000227,0.001010,27.000000,0.000000,52.000000,0.000000,0,0.000000,0.000000
CK,10000000,0.100000,3,2544,0.500000,0.000000,0.000000,436390.000000,0.000114,0.000219,31.000000,0.000000,27.000000,0.000000,0,0.000000,0.000000
SPL,10000000,0.100000,3,2544,0.500000,1.177286,1.706741,1667227.000000,0.000465,0.000437,140.000000,0.000000,35.000000,0.000000,0,1.005000,1.050000
SPV,10000000,0.100000,3,2544,0.500000,1.177286,1.706741,1948430.000000,0.000413,0.000314,36.000000,0.000000,29.000000,0.000000,0,1.005000,1.050000
BF,10000000,0.100000,3,2544,0.500000,1.000000,1.000000,915679.000000,0.000281,0.000190,68.000000,0.000000,40.000000,0.000000,371539,0.067175,0.067175
