dictionaryType,n,loadFactor,nHashFunctions,seed,keyPercentage,avgSuccessProbes,avgFailProbes,buildTime,successMeanTime,failMeanTime,successMaxTime,successMinTime,failMaxTime,failMinTime,falsePositives,successTheoricalValue,failTheoricalValue
DH,10000000,0.100000,3,10977,0.500000,1.000000,1.000000,728025.000000,0.004982,0.004599,69.000000,0.000000,69.000000,0.000000,0,1.053606,1.111111
LP,10000000,0.100000,3,10977,0.500000,1.000000,1.000000,520789.000000,0.005109,0.006334,51.000000,0.000000,138.000000,0.000000,0,1.055556,1.117284
QP,10000000,0.100000,3,10977,0.500000,1.000000,1.000000,691170.000000,0.000318,0.001713,27.000000,0.000000,148.000000,0.000000,0,0.000000,0.000000
CK,10000000,0.100000,3,10977,0.500000,0.000000,0.000000,435397.000000,0.000459,0.000878,16.000000,0.000000,39.000000,0.000000,0,0.000000,0.000000
SPL,10000000,0.100000,3,10977,0.500000,1.176696,1.706650,1750788.000000,0.002436,0.001671,156.000000,0.000000,80.000000,0.000000,0,1.005000,1.050000
SPV,10000000,0.100000,3,10977,0.500000,1.176696,1.706650,1991348.000000,0.002719,0.001646,30.000000,0.000000,58.000000,0.000000,0,1.005000,1.050000
BF,10000000,0.100000,3,10977,0.500000,1.000000,1.000000,929041.000000,0.000620,0.000645,28.000000,0.000000,67.000000,0.000000,372101,0.067175,0.067175
