dictionaryType,n,loadFactor,nHashFunctions,seed,keyPercentage,avgSuccessProbes,avgFailProbes,buildTime,successMeanTime,failMeanTime,successMaxTime,successMinTime,failMaxTime,failMinTime,falsePositives,successTheoricalValue,failTheoricalValue
DH,10000000,0.100000,3,16175,0.500000,1.000000,1.000000,564537.000000,0.000210,0.000235,42.000000,0.000000,33.000000,0.000000,0,1.053606,1.111111
LP,10000000,0.100000,3,16175,0.500000,2.000000,2.000000,478165.000000,0.000212,0.000205,32.000000,0.000000,32.000000,0.000000,0,1.055556,1.117284
QP,10000000,0.100000,3,16175,0.500000,15.000000,15.000000,691149.000000,0.000540,0.006659,27.000000,0.000000,58.000000,0.000000,0,0.000000,0.000000
CK,10000000,0.100000,3,16175,0.500000,0.000000,0.000000,454168.000000,0.001054,0.000950,32.000000,0.000000,49.000000,0.000000,0,0.000000,0.000000
SPL,10000000,0.100000,3,16175,0.500000,1.176768,1.707127,1677028.000000,0.000456,0.000459,22.000000,0.000000,133.000000,0.000000,0,1.005000,1.050000
SPV,10000000,0.100000,3,16175,0.500000,1.176768,1.707127,1928046.000000,0.000431,0.000284,33.000000,0.000000,132.000000,0.000000,0,1.005000,1.050000
BF,10000000,0.100000,3,16175,0.500000,1.000000,1.000000,915365.000000,0.000254,0.000167,36.000000,0.000000,27.000000,0.000000,370136,0.067175,0.067175
