dictionaryType,n,loadFactor,nHashFunctions,seed,keyPercentage,avgSuccessProbes,avgFailProbes,buildTime,successMeanTime,failMeanTime,successMaxTime,successMinTime,failMaxTime,failMinTime,falsePositives,successTheoricalValue,failTheoricalValue
DH,10000000,0.600000,3,28777,0.500000,1.000000,1.000000,856789.000000,0.000561,0.030720,21.000000,0.000000,150256.000000,0.000000,0,1.527151,2.500000
LP,10000000,0.600000,3,28777,0.500000,2.000000,2.000000,597186.000000,0.000680,0.000773,21.000000,0.000000,24.000000,0.000000,0,1.750000,3.625000
QP,10000000,0.600000,3,28777,0.500000,5.000000,5.000000,622114.000000,0.000759,0.001416,22.000000,0.000000,24.000000,0.000000,0,0.000000,0.000000
CK,10000000,0.600000,3,28777,0.500000,0.000000,0.000000,4026119.000000,0.000524,0.000778,21.000000,0.000000,24.000000,0.000000,-1053995,0.000000,0.000000
SPL,10000000,0.600000,3,28777,0.500000,1.213301,1.851901,1367856.000000,0.000985,0.001085,26.000000,0.000000,26.000000,0.000000,0,1.180000,1.300000
SPV,10000000,0.600000,3,28777,0.500000,1.213301,1.851901,1687726.000000,0.001463,0.000865,711.000000,0.000000,129.000000,0.000000,0,1.180000,1.300000
BF,10000000,0.600000,3,28777,0.500000,1.000000,1.000000,375970.000000,0.000413,0.000332,109.000000,0.000000,22.000000,0.000000,11628132,0.696726,0.696726
