dictionaryType,n,loadFactor,nHashFunctions,seed,keyPercentage,avgSuccessProbes,avgFailProbes,buildTime,successMeanTime,failMeanTime,successMaxTime,successMinTime,failMaxTime,failMinTime,falsePositives,successTheoricalValue,failTheoricalValue
DH,10000000,0.600000,3,19963,0.500000,3.000000,3.000000,1022255.000000,0.001355,0.017245,21.000000,0.000000,149834.000000,0.000000,0,1.527151,2.500000
LP,10000000,0.600000,3,19963,0.500000,4.000000,4.000000,612225.000000,0.001061,0.001263,22.000000,0.000000,23.000000,0.000000,0,1.750000,3.625000
QP,10000000,0.600000,3,19963,0.500000,2.000000,2.000000,627323.000000,0.001394,0.001790,21.000000,0.000000,103.000000,0.000000,0,0.000000,0.000000
CK,10000000,0.600000,3,19963,0.500000,200.000000,200.000000,4056999.000000,0.001012,0.001155,21.000000,0.000000,25.000000,0.000000,-1052731,0.000000,0.000000
SPL,10000000,0.600000,3,19963,0.500000,1.212631,1.851359,1432935.000000,0.009860,0.006071,38.000000,0.000000,105.000000,0.000000,0,1.180000,1.300000
SPV,10000000,0.600000,3,19963,0.500000,1.212631,1.851359,1635814.000000,0.001767,0.001691,21.000000,0.000000,23.000000,0.000000,0,1.180000,1.300000
BF,10000000,0.600000,3,19963,0.500000,1.000000,1.000000,374361.000000,0.000595,0.000571,23.000000,0.000000,25.000000,0.000000,11628975,0.696726,0.696726
