dictionaryType,n,loadFactor,nHashFunctions,seed,keyPercentage,avgSuccessProbes,avgFailProbes,buildTime,successMeanTime,failMeanTime,successMaxTime,successMinTime,failMaxTime,failMinTime,falsePositives,successTheoricalValue,failTheoricalValue
DH,10000000,0.600000,3,10140,0.500000,4.000000,4.000000,1035500.000000,0.000306,0.008518,17.000000,0.000000,148870.000000,0.000000,0,1.527151,2.500000
LP,10000000,0.600000,3,10140,0.500000,5.000000,5.000000,593183.000000,0.000274,0.000263,16.000000,0.000000,20.000000,0.000000,0,1.750000,3.625000
QP,10000000,0.600000,3,10140,0.500000,2.000000,2.000000,621981.000000,0.000264,0.000311,14.000000,0.000000,16.000000,0.000000,0,0.000000,0.000000
CK,10000000,0.600000,3,10140,0.500000,200.000000,200.000000,3995781.000000,0.000185,0.000233,15.000000,0.000000,15.000000,0.000000,-1055240,0.000000,0.000000
SPL,10000000,0.600000,3,10140,0.500000,1.212942,1.851454,1325124.000000,0.000396,0.000497,26.000000,0.000000,27.000000,0.000000,0,1.180000,1.300000
SPV,10000000,0.600000,3,10140,0.500000,1.212942,1.851454,1582189.000000,0.000358,0.000305,16.000000,0.000000,18.000000,0.000000,0,1.180000,1.300000
BF,10000000,0.600000,3,10140,0.500000,1.000000,1.000000,364488.000000,0.000141,0.000118,16.000000,0.000000,16.000000,0.000000,11629902,0.696726,0.696726
