dictionaryType,n,loadFactor,nHashFunctions,seed,keyPercentage,avgSuccessProbes,avgFailProbes,buildTime,successMeanTime,failMeanTime,successMaxTime,successMinTime,failMaxTime,failMinTime,falsePositives,successTheoricalValue,failTheoricalValue
DH,10000000,0.600000,3,8831,0.500000,3.000000,3.000000,1056590.000000,0.010748,0.015291,251.000000,0.000000,156896.000000,0.000000,0,1.527151,2.500000
LP,10000000,0.600000,3,8831,0.500000,3.000000,3.000000,674765.000000,0.009765,0.008670,581.000000,0.000000,485.000000,0.000000,0,1.750000,3.625000
QP,10000000,0.600000,3,8831,0.500000,2.000000,2.000000,674441.000000,0.006625,0.005250,229.000000,0.000000,390.000000,0.000000,0,0.000000,0.000000
CK,10000000,0.600000,3,8831,0.500000,0.000000,0.000000,4205541.000000,0.005362,0.006336,225.000000,0.000000,398.000000,0.000000,-1054286,0.000000,0.000000
SPL,10000000,0.600000,3,8831,0.500000,1.212727,1.851181,1524363.000000,0.001570,0.002255,514.000000,0.000000,597.000000,0.000000,0,1.180000,1.300000
SPV,10000000,0.600000,3,8831,0.500000,1.212727,1.851181,1702570.000000,0.001248,0.002789,233.000000,0.000000,237.000000,0.000000,0,1.180000,1.300000
BF,10000000,0.600000,3,8831,0.500000,1.000000,1.000000,368885.000000,0.003663,0.003167,278.000000,0.000000,222.000000,0.000000,11633394,0.696726,0.696726
