dictionaryType,n,loadFactor,nHashFunctions,seed,keyPercentage,avgSuccessProbes,avgFailProbes,buildTime,successMeanTime,failMeanTime,successMaxTime,successMinTime,failMaxTime,failMinTime,falsePositives,successTheoricalValue,failTheoricalValue
DH,10000000,0.600000,3,10977,0.500000,3.000000,3.000000,863154.000000,0.000557,0.015351,20.000000,0.000000,148936.000000,0.000000,0,1.527151,2.500000
LP,10000000,0.600000,3,10977,0.500000,1.000000,1.000000,593939.000000,0.000236,0.000378,16.000000,0.000000,30.000000,0.000000,0,1.750000,3.625000
QP,10000000,0.600000,3,10977,0.500000,3.000000,3.000000,618098.000000,0.000232,0.000230,16.000000,0.000000,25.000000,0.000000,0,0.000000,0.000000
CK,10000000,0.600000,3,10977,0.500000,200.000000,200.000000,3995797.000000,0.000185,0.000225,14.000000,0.000000,24.000000,0.000000,-1055171,0.000000,0.000000
SPL,10000000,0.600000,3,10977,0.500000,1.212728,1.851235,1368722.000000,0.000370,0.000403,24.000000,0.000000,26.000000,0.000000,0,1.180000,1.300000
SPV,10000000,0.600000,3,10977,0.500000,1.212728,1.851235,1579014.000000,0.000316,0.000270,65.000000,0.000000,27.000000,0.000000,0,1.180000,1.300000
BF,10000000,0.600000,3,10977,0.500000,1.000000,1.000000,365549.000000,0.000089,0.000090,17.000000,0.000000,16.000000,0.000000,11629196,0.696726,0.696726
