dictionaryType,n,loadFactor,nHashFunctions,seed,keyPercentage,avgSuccessProbes,avgFailProbes,buildTime,successMeanTime,failMeanTime,successMaxTime,successMinTime,failMaxTime,failMinTime,falsePositives,successTheoricalValue,failTheoricalValue
DH,10000000,0.600000,3,26202,0.500000,7.000000,7.000000,863907.000000,0.001356,0.009189,22.000000,0.000000,150200.000000,0.000000,0,1.527151,2.500000
LP,10000000,0.600000,3,26202,0.500000,1.000000,1.000000,606024.000000,0.001411,0.001079,22.000000,0.000000,24.000000,0.000000,0,1.750000,3.625000
QP,10000000,0.600000,3,26202,0.500000,2.000000,2.000000,626087.000000,0.001359,0.001293,21.000000,0.000000,25.000000,0.000000,0,0.000000,0.000000
CK,10000000,0.600000,3,26202,0.500000,200.000000,200.000000,4025672.000000,0.000813,0.000960,24.000000,0.000000,23.000000,0.000000,-1054142,0.000000,0.000000
SPL,10000000,0.600000,3,26202,0.500000,1.212926,1.851554,1426801.000000,0.008851,0.004228,26.000000,0.000000,63.000000,0.000000,0,1.180000,1.300000
SPV,10000000,0.600000,3,26202,0.500000,1.212926,1.851554,1643238.000000,0.002319,0.001804,24.000000,0.000000,22.000000,0.000000,0,1.180000,1.300000
BF,10000000,0.600000,3,26202,0.500000,1.000000,1.000000,377425.000000,0.000645,0.000562,22.000000,0.000000,22.000000,0.000000,11626540,0.696726,0.696726
