dictionaryType,n,loadFactor,nHashFunctions,seed,keyPercentage,avgSuccessProbes,avgFailProbes,buildTime,successMeanTime,failMeanTime,successMaxTime,successMinTime,failMaxTime,failMinTime,falsePositives,successTheoricalValue,failTheoricalValue
DH,10000000,0.600000,3,23214,0.500000,1.000000,1.000000,865391.000000,0.001438,0.016492,21.000000,0.000000,150614.000000,0.000000,0,1.527151,2.500000
LP,10000000,0.600000,3,23214,0.500000,2.000000,2.000000,606471.000000,0.000794,0.001292,21.000000,0.000000,21.000000,0.000000,0,1.750000,3.625000
QP,10000000,0.600000,3,23214,0.500000,1.000000,1.000000,629084.000000,0.001167,0.001051,21.000000,0.000000,22.000000,0.000000,0,0.000000,0.000000
CK,10000000,0.600000,3,23214,0.500000,0.000000,0.000000,4030449.000000,0.001183,0.001143,21.000000,0.000000,24.000000,0.000000,-1054947,0.000000,0.000000
SPL,10000000,0.600000,3,23214,0.500000,1.213237,1.851094,1412853.000000,0.002050,0.001955,21.000000,0.000000,24.000000,0.000000,0,1.180000,1.300000
SPV,10000000,0.600000,3,23214,0.500000,1.213237,1.851094,1652546.000000,0.001704,0.001469,32.000000,0.000000,23.000000,0.000000,0,1.180000,1.300000
BF,10000000,0.600000,3,23214,0.500000,1.000000,1.000000,372493.000000,0.000682,0.000689,22.000000,0.000000,21.000000,0.000000,11630378,0.696726,0.696726
