dictionaryType,n,loadFactor,nHashFunctions,seed,keyPercentage,avgSuccessProbes,avgFailProbes,buildTime,successMeanTime,failMeanTime,successMaxTime,successMinTime,failMaxTime,failMinTime,falsePositives,successTheoricalValue,failTheoricalValue
DH,10000000,0.600000,3,32492,0.500000,1.000000,1.000000,1151557.000000,0.000295,0.022809,21.000000,0.000000,149470.000000,0.000000,-2,1.527151,2.500000
LP,10000000,0.600000,3,32492,0.500000,4.000000,4.000000,596249.000000,0.000204,0.000347,14.000000,0.000000,23.000000,0.000000,0,1.750000,3.625000
QP,10000000,0.600000,3,32492,0.500000,1.000000,1.000000,627803.000000,0.000196,0.000249,16.000000,0.000000,29.000000,0.000000,0,0.000000,0.000000
CK,10000000,0.600000,3,32492,0.500000,0.000000,0.000000,3996523.000000,0.000275,0.000179,14.000000,0.000000,25.000000,0.000000,-1054847,0.000000,0.000000
SPL,10000000,0.600000,3,32492,0.500000,1.212891,1.851629,1325614.000000,0.000359,0.000441,16.000000,0.000000,21.000000,0.000000,0,1.180000,1.300000
SPV,10000000,0.600000,3,32492,0.500000,1.212891,1.851629,1584553.000000,0.000372,0.000337,16.000000,0.000000,21.000000,0.000000,0,1.180000,1.300000
BF,10000000,0.600000,3,32492,0.500000,1.000000,1.000000,366413.000000,0.000115,0.000114,18.000000,0.000000,14.000000,0.000000,11627311,0.696726,0.696726
