dictionaryType,n,loadFactor,nHashFunctions,seed,keyPercentage,avgSuccessProbes,avgFailProbes,buildTime,successMeanTime,failMeanTime,successMaxTime,successMinTime,failMaxTime,failMinTime,falsePositives,successTheoricalValue,failTheoricalValue
DH,10000000,0.600000,3,9618,0.500000,7.000000,7.000000,870176.000000,0.001207,0.024303,21.000000,0.000000,152117.000000,0.000000,0,1.527151,2.500000
LP,10000000,0.600000,3,9618,0.500000,4.000000,4.000000,603182.000000,0.000739,0.001126,21.000000,0.000000,21.000000,0.000000,0,1.750000,3.625000
QP,10000000,0.600000,3,9618,0.500000,5.000000,5.000000,625019.000000,0.003305,0.002890,21.000000,0.000000,104.000000,0.000000,0,0.000000,0.000000
CK,10000000,0.600000,3,9618,0.500000,200.000000,200.000000,4040329.000000,0.000858,0.001050,21.000000,0.000000,21.000000,0.000000,-1054448,0.000000,0.000000
SPL,10000000,0.600000,3,9618,0.500000,1.212562,1.851517,1403508.000000,0.002419,0.002353,22.000000,0.000000,1063.000000,0.000000,0,1.180000,1.300000
SPV,10000000,0.600000,3,9618,0.500000,1.212562,1.851517,1618365.000000,0.001860,0.001510,22.000000,0.000000,22.000000,0.000000,0,1.180000,1.300000
BF,10000000,0.600000,3,9618,0.500000,1.000000,1.000000,371348.000000,0.000626,0.000650,39.000000,0.000000,21.000000,0.000000,11630369,0.696726,0.696726
