dictionaryType,n,loadFactor,nHashFunctions,seed,keyPercentage,avgSuccessProbes,avgFailProbes,buildTime,successMeanTime,failMeanTime,successMaxTime,successMinTime,failMaxTime,failMinTime,falsePositives,successTheoricalValue,failTheoricalValue
DH,10000000,0.600000,3,30241,0.500000,2.000000,2.000000,1006911.000000,0.000756,0.000971,21.000000,0.000000,32.000000,0.000000,0,1.527151,2.500000
LP,10000000,0.600000,3,30241,0.500000,2.000000,2.000000,607370.000000,0.004714,0.004814,22.000000,0.000000,148.000000,0.000000,0,1.750000,3.625000
QP,10000000,0.600000,3,30241,0.500000,5.000000,5.000000,656626.000000,0.003897,0.004985,22.000000,0.000000,110.000000,0.000000,0,0.000000,0.000000
CK,10000000,0.600000,3,30241,0.500000,200.000000,200.000000,4358149.000000,0.003896,0.003853,21.000000,0.000000,28.000000,0.000000,-1054083,0.000000,0.000000
SPL,10000000,0.600000,3,30241,0.500000,1.212701,1.851391,1424168.000000,0.004859,0.004634,24.000000,0.000000,22.000000,0.000000,0,1.180000,1.300000
SPV,10000000,0.600000,3,30241,0.500000,1.212701,1.851391,1960996.000000,0.008584,0.007743,21.000000,0.000000,24.000000,0.000000,0,1.180000,1.300000
BF,10000000,0.600000,3,30241,0.500000,1.000000,1.000000,841511.000000,0.006399,0.006250,1212.000000,0.000000,528.000000,0.000000,11631832,0.696726,0.696726
