dictionaryType,n,loadFactor,nHashFunctions,seed,keyPercentage,avgSuccessProbes,avgFailProbes,buildTime,successMeanTime,failMeanTime,successMaxTime,successMinTime,failMaxTime,failMinTime,falsePositives,successTheoricalValue,failTheoricalValue
DH,10000000,0.600000,3,30579,0.500000,2.000000,2.000000,1242750.000000,0.004813,0.016994,42.000000,0.000000,160594.000000,0.000000,-1,1.527151,2.500000
LP,10000000,0.600000,3,30579,0.500000,2.000000,2.000000,602785.000000,0.000710,0.002295,23.000000,0.000000,108.000000,0.000000,0,1.750000,3.625000
QP,10000000,0.600000,3,30579,0.500000,6.000000,6.000000,632510.000000,0.001930,0.001315,103.000000,0.000000,48.000000,0.000000,0,0.000000,0.000000
CK,10000000,0.600000,3,30579,0.500000,200.000000,200.000000,4044437.000000,0.002435,0.001862,21.000000,0.000000,39.000000,0.000000,-1054092,0.000000,0.000000
SPL,10000000,0.600000,3,30579,0.500000,1.212324,1.851590,1394906.000000,0.001097,0.001843,27.000000,0.000000,55.000000,0.000000,0,1.180000,1.300000
SPV,10000000,0.600000,3,30579,0.500000,1.212324,1.851590,1603894.000000,0.002332,0.002845,78.000000,0.000000,58.000000,0.000000,0,1.180000,1.300000
BF,10000000,0.600000,3,30579,0.500000,1.000000,1.000000,399767.000000,0.001437,0.001428,23.000000,0.000000,21.000000,0.000000,11627361,0.696726,0.696726
